date,AAPL,ABBV,AMZN,AVGO,BRK.B,COST,GOOGL,HD,JNJ,JPM,LLY,MA,META,MSFT,NVDA,PG,TSLA,UNH,V,XOM
2024-01-10,186.19,164.89,153.73,108.06,367.92,672.76,142.28,356.8,161.87,171.02,630.19,428.27,370.47,382.77,54.35,149.94,233.94,537.64,264.56,98.69
2024-01-11,185.59,163.78,155.18,110.0,363.34,673.58,142.08,356.53,161.15,170.3,635.72,426.72,369.67,384.63,54.82,150.51,227.22,539.68,264.03,98.67
2024-01-12,185.92,162.4,154.62,110.77,363.62,683.24,142.65,355.71,162.39,169.05,642.92,429.1,374.49,388.47,54.71,150.6,218.89,521.51,264.17,99.95
2024-01-16,183.63,161.48,153.16,111.5,361.1,681.49,142.49,358.43,160.52,167.99,634.57,428.35,367.46,390.27,56.38,149.79,219.91,519.15,265.24,97.69
2024-01-17,182.68,162.04,151.71,110.37,359.29,684.19,141.47,355.7,160.43,167.09,628.91,427.42,368.37,389.47,56.05,149.94,215.55,524.94,266.63,96.98
2024-01-18,188.63,163.3,153.5,114.39,362.38,687.31,143.48,357.9,161.21,167.42,623.35,430.72,376.13,393.87,57.11,148.14,211.88,516.34,268.14,96.8
2024-01-19,191.56,164.77,155.34,121.12,366.99,694.97,146.38,362.41,161.68,170.31,628.58,436.78,383.45,398.67,59.49,147.57,212.19,503.56,270.9,96.95
2024-01-22,193.89,165.39,154.78,122.05,368.06,692.51,145.99,356.69,162.47,170.11,630.88,439.75,381.78,396.51,59.65,147.86,208.8,512.99,271.2,96.82
2024-01-23,195.18,167.5,156.02,122.63,372.14,687.59,147.04,350.78,159.81,168.99,629.68,438.76,385.2,398.9,59.87,153.98,209.14,515.52,271.26,97.91
2024-01-24,194.5,164.22,156.87,125.39,376.59,686.51,148.7,347.27,158.96,170.5,633.7,438.7,390.7,402.56,61.36,152.12,207.83,513.23,271.65,99.6
2024-01-25,194.17,165.13,157.75,123.0,380.85,679.9,151.87,350.97,159.56,172.94,627.62,436.8,393.18,404.87,61.62,155.62,182.63,493.4,272.61,102.13
2024-01-26,192.42,164.4,159.12,120.49,385.4,686.88,152.19,355.3,159.5,172.28,639.25,438.53,394.14,403.93,61.03,156.14,183.25,503.2,267.94,103.0
2024-01-29,191.73,163.91,161.26,121.78,383.18,694.01,153.51,355.7,159.36,172.73,645.0,440.58,401.02,409.72,62.47,156.16,190.93,504.54,273.66,103.13
2024-01-30,188.04,164.92,159.0,120.82,387.15,700.74,151.46,357.1,158.77,176.27,644.98,445.19,400.06,408.59,62.77,157.49,191.59,503.61,277.15,104.85
2024-01-31,184.4,164.4,155.2,118.0,383.74,694.88,140.1,352.96,158.9,174.36,645.61,449.23,390.14,397.58,61.53,157.14,187.29,511.74,273.26,102.81
2024-02-01,186.86,167.59,159.28,120.0,386.44,704.48,141.16,360.07,158.36,173.73,660.43,460.92,394.78,403.78,63.03,159.18,188.86,507.14,277.05,102.39
2024-02-02,185.85,168.67,171.81,122.43,390.75,709.48,142.38,357.23,156.61,174.73,667.65,460.58,474.99,411.22,66.16,158.09,187.91,510.23,277.18,101.97
2024-02-05,187.68,171.26,170.31,124.31,390.76,711.16,143.68,355.14,155.8,174.5,706.2,456.76,459.41,405.65,69.33,158.21,181.06,502.96,275.58,101.55
2024-02-06,189.3,173.29,169.15,122.27,393.74,710.79,144.1,356.25,158.06,175.1,705.03,460.5,454.72,405.49,68.22,158.96,185.1,510.67,276.76,102.25
2024-02-07,189.41,175.01,170.53,125.71,397.66,719.78,145.54,362.69,157.98,175.43,725.38,461.91,469.59,414.05,70.1,159.12,187.58,519.39,279.39,102.22
2024-02-08,188.32,174.79,169.84,127.48,397.49,724.16,145.91,363.72,156.4,174.8,735.68,458.26,470.0,414.11,69.64,158.64,189.56,520.09,275.78,103.97
2024-02-09,188.85,174.08,174.45,128.34,398.36,723.4,149.0,363.15,156.76,175.01,740.16,457.88,468.11,420.55,72.13,157.42,193.57,518.22,276.43,101.77
2024-02-12,187.15,173.07,172.34,126.5,397.71,722.41,147.53,365.45,157.85,175.79,737.26,458.71,468.9,415.26,72.25,157.11,188.13,517.64,275.07,103.17
2024-02-13,185.04,173.29,168.64,125.17,394.8,714.25,145.14,357.59,156.47,174.26,742.97,460.46,460.12,406.32,72.13,156.27,184.02,516.85,275.81,101.34
2024-02-14,184.15,174.42,170.98,126.22,398.68,722.18,145.94,358.23,155.74,176.03,757.31,465.19,473.28,409.49,73.9,155.63,188.71,516.94,277.56,100.84
2024-02-15,183.86,176.59,169.8,126.51,403.45,724.51,142.77,361.08,157.92,179.87,757.78,471.28,484.03,406.56,72.66,157.01,200.45,520.88,280.98,103.73
2024-02-16,182.31,177.49,169.51,124.55,405.99,723.99,140.52,362.35,156.55,179.03,782.06,468.13,473.32,404.06,72.61,157.51,199.95,521.55,278.56,103.73
2024-02-20,181.56,175.75,167.08,122.66,407.15,725.69,141.12,362.57,157.86,179.73,755.66,451.75,471.75,402.79,69.45,158.51,193.76,521.06,275.15,102.75
2024-02-21,182.32,175.14,168.59,122.75,409.25,723.02,142.55,364.13,158.68,180.9,745.91,459.05,468.03,402.18,67.47,160.4,194.77,521.97,276.76,104.85
2024-02-22,184.37,176.75,174.58,130.49,415.16,734.4,144.09,371.34,160.45,183.07,769.64,471.56,486.13,411.65,78.54,160.56,197.41,526.5,283.75,104.76
2024-02-23,182.52,178.09,174.99,129.64,417.22,737.93,143.96,371.96,161.84,183.99,769.54,473.42,484.03,410.34,78.82,161.03,191.97,527.24,283.6,103.84
2024-02-26,181.16,178.81,174.73,130.91,409.14,745.35,137.57,371.6,160.79,183.36,771.92,474.51,481.74,407.54,79.09,160.22,199.4,525.32,284.15,104.25
2024-02-27,182.63,178.99,173.54,129.62,408.91,744.71,138.88,375.56,160.98,183.45,765.0,474.75,487.05,407.48,78.7,159.3,199.73,513.42,283.17,104.03
2024-02-28,181.42,178.0,173.16,128.94,412.14,747.96,136.38,377.61,161.55,184.38,757.64,478.85,484.02,407.72,77.66,160.05,202.04,498.28,285.63,104.32
2024-02-29,180.75,176.05,176.76,130.05,409.4,743.89,138.46,380.61,161.38,186.06,753.68,474.76,490.13,413.64,79.11,158.94,201.88,493.6,282.64,104.52
2024-03-01,179.66,178.91,178.22,139.92,407.11,749.44,137.14,384.45,162.12,185.29,782.12,476.63,502.3,415.5,82.28,158.85,202.64,489.53,283.16,105.84
2024-03-04,175.1,177.05,177.58,140.23,403.39,759.18,133.35,380.37,159.84,186.68,792.28,468.49,498.19,414.92,85.24,159.56,188.14,481.87,280.53,104.36
2024-03-05,170.12,179.16,174.12,134.28,400.74,759.95,132.67,378.45,159.97,188.55,777.59,467.52,490.22,402.65,85.96,159.32,180.74,473.15,279.38,105.64
2024-03-06,169.12,181.06,173.51,135.0,403.96,773.24,131.4,377.44,159.34,189.53,779.77,471.6,496.09,402.09,88.7,159.57,176.54,472.6,280.43,106.77
2024-03-07,169.0,180.57,176.82,140.7,402.39,785.59,134.38,376.55,158.87,187.87,780.16,467.54,512.19,409.14,92.67,160.62,178.65,478.78,278.26,107.37
2024-03-08,170.73,178.85,175.35,130.87,403.15,725.56,135.41,373.35,159.52,188.22,762.14,469.26,505.95,406.22,87.53,160.35,175.34,476.57,280.04,108.38
2024-03-11,172.75,179.63,171.96,129.31,404.76,714.08,137.67,371.52,161.23,188.29,734.37,469.16,483.59,404.52,85.77,161.55,177.77,489.15,280.56,109.02
2024-03-12,173.23,180.92,175.39,129.19,404.98,736.88,138.5,374.54,162.74,189.84,754.95,472.87,499.75,415.28,91.91,161.93,177.54,489.35,283.92,108.32
2024-03-13,171.13,179.86,176.56,125.79,408.13,734.2,139.79,378.99,161.1,191.38,757.84,475.61,495.57,415.1,90.89,162.3,169.48,488.0,285.14,109.53
2024-03-14,173.0,181.2,178.75,126.23,406.73,731.95,143.1,375.27,159.21,187.97,760.73,479.48,491.83,425.22,87.94,161.5,162.5,489.0,286.41,111.47
2024-03-15,172.62,177.88,174.42,123.55,408.13,725.63,141.18,373.23,158.18,190.3,754.17,475.83,484.1,416.42,87.84,161.38,163.57,490.82,283.04,111.27
2024-03-18,173.72,178.49,174.48,123.72,408.41,731.54,147.68,371.91,156.76,192.66,762.66,478.89,496.98,417.32,88.46,161.21,173.8,487.05,285.05,112.3
2024-03-19,176.08,179.66,175.9,123.8,411.76,732.17,147.03,379.41,156.21,193.79,772.78,484.0,496.24,421.41,89.4,161.83,171.32,493.32,287.35,113.09
2024-03-20,178.67,176.27,178.15,127.6,416.11,740.72,148.74,384.41,155.76,196.33,772.86,488.04,505.52,425.23,90.37,161.99,175.66,494.23,289.28,112.99
2024-03-21,171.37,177.5,178.15,134.8,413.78,742.56,147.6,395.2,155.75,199.06,770.26,488.64,507.76,429.37,91.44,161.86,172.82,491.69,290.37,113.49
2024-03-22,172.28,178.45,178.87,135.35,411.6,734.8,150.77,390.28,155.23,196.62,770.61,481.67,509.58,428.74,94.29,161.66,170.83,490.07,283.26,113.49
2024-03-25,170.85,178.53,179.71,135.16,409.92,730.96,150.07,383.51,155.22,194.82,773.14,476.04,503.02,422.86,95.0,160.19,172.63,485.88,281.21,114.65
2024-03-26,169.71,179.19,178.3,133.15,411.57,730.98,150.67,379.93,155.77,195.73,774.9,476.8,495.89,421.65,92.56,160.55,177.67,492.31,280.6,113.79
2024-03-27,173.31,180.35,179.83,131.87,416.93,732.08,150.87,385.89,157.96,199.52,778.18,477.95,493.86,421.43,90.25,162.61,179.83,493.1,279.02,114.97
2024-03-28,171.48,182.1,180.38,132.54,420.52,732.63,150.93,383.6,158.19,200.3,777.96,481.57,485.58,420.72,90.36,162.25,175.79,494.7,279.08,116.24
2024-04-01,170.03,180.76,180.97,135.03,420.2,721.24,155.49,368.03,157.78,198.94,760.55,478.4,491.35,424.57,90.36,160.58,175.22,489.7,278.28,116.99
2024-04-02,168.84,180.69,180.69,133.88,418.92,711.3,154.56,363.0,157.73,198.86,763.96,479.43,497.37,421.44,89.45,160.57,166.63,458.14,278.44,119.28
2024-04-03,169.65,177.33,182.41,136.32,420.24,705.69,154.92,359.9,154.26,198.3,775.99,477.42,506.74,420.45,88.96,156.15,168.38,459.74,276.96,119.3
2024-04-04,168.82,167.9,180.0,131.75,415.32,704.88,150.53,357.68,152.5,195.65,768.08,469.77,510.92,417.88,85.91,155.45,171.11,455.38,274.0,119.72
2024-04-05,169.58,170.0,185.07,133.94,418.62,713.72,152.5,357.87,152.39,197.45,784.21,477.15,527.34,425.52,88.01,156.1,164.9,455.74,277.14,121.37
2024-04-08,168.45,169.8,185.19,133.61,415.97,711.81,154.85,362.05,151.59,198.48,777.29,478.85,519.25,424.59,87.13,156.04,172.98,456.0,277.76,120.55
2024-04-09,169.67,170.14,185.67,133.41,414.69,718.59,156.6,361.42,152.29,197.15,757.24,472.16,516.9,426.28,85.35,156.66,176.88,459.72,276.72,121.18
2024-04-10,167.78,169.03,185.95,132.24,409.11,722.58,156.14,350.56,150.2,195.47,761.98,469.17,519.83,423.26,87.04,157.24,171.76,450.05,274.48,122.2
2024-04-11,175.04,167.52,189.05,138.25,407.61,732.35,159.41,347.37,148.79,195.43,759.59,468.31,523.16,427.93,90.62,155.84,174.6,441.72,275.68,121.79
2024-04-12,176.55,162.28,186.13,134.41,403.26,731.31,157.73,342.87,147.52,182.79,751.64,465.38,511.9,421.9,88.19,155.33,171.05,439.2,275.96,120.37
2024-04-15,172.69,161.67,183.62,131.07,400.26,718.28,154.86,337.93,147.59,182.89,750.77,459.79,500.23,413.64,86.0,155.45,161.48,445.63,271.28,119.68
2024-04-16,169.38,162.54,183.32,132.91,396.92,715.97,154.4,334.83,144.45,180.8,746.74,459.82,499.76,414.58,87.42,155.95,157.11,468.89,271.35,118.69
2024-04-17,168.0,164.25,181.28,128.26,397.74,715.19,155.47,332.83,144.77,180.08,750.77,460.16,494.17,411.84,84.04,156.96,155.45,478.99,272.69,118.63
2024-04-18,167.04,164.66,179.22,125.9,399.89,711.25,156.01,332.89,145.74,181.25,745.95,454.7,501.8,404.27,84.67,157.29,149.93,493.18,271.37,118.52
2024-04-19,165.0,166.41,174.63,120.47,405.08,709.51,154.09,335.36,147.91,185.8,726.31,455.39,481.07,399.12,76.2,158.14,147.05,501.13,269.78,119.88
2024-04-22,165.84,167.89,177.23,122.45,408.78,715.46,156.28,336.11,149.12,189.41,731.33,456.75,481.73,400.96,79.52,160.54,142.05,491.23,272.33,120.56
2024-04-23,166.9,169.54,179.54,124.92,408.74,722.68,158.26,339.0,149.56,192.14,745.69,462.82,496.1,407.57,82.42,161.5,144.68,486.18,274.11,121.03
2024-04-24,169.02,167.8,176.59,125.68,405.95,723.89,159.13,333.01,148.53,193.08,732.2,462.5,493.5,409.06,79.68,162.6,162.13,487.3,275.02,121.05
2024-04-25,169.89,167.29,173.67,129.44,404.91,721.86,156.0,331.98,146.82,193.37,724.87,462.11,441.38,399.04,82.63,162.55,170.18,493.86,275.16,121.33
2024-04-26,169.3,159.62,179.62,134.41,402.1,729.18,171.95,335.09,146.14,193.49,733.51,462.42,443.29,406.32,87.74,161.29,168.29,495.35,274.52,117.96
2024-04-29,173.5,161.52,180.96,133.86,400.96,726.33,166.15,336.8,146.82,193.28,737.2,457.1,432.62,402.25,87.76,161.66,194.05,489.03,271.84,119.64
2024-04-30,170.33,162.64,175.0,130.03,396.73,722.9,162.78,334.22,144.59,191.74,781.1,451.2,430.17,389.33,86.4,163.2,183.28,483.7,268.61,118.27
2024-05-01,169.3,161.72,179.0,124.29,398.58,722.22,163.86,331.97,151.18,191.86,776.75,442.07,439.19,394.94,83.04,163.4,179.99,484.11,267.32,116.03
2024-05-02,173.03,160.81,184.72,123.86,400.6,732.44,166.62,335.53,149.92,191.66,755.91,441.1,441.68,397.84,85.82,163.84,180.01,492.97,267.61,116.24
2024-05-03,183.38,163.79,186.21,127.81,400.87,743.9,167.24,342.85,149.27,190.51,734.97,443.58,451.96,406.66,88.79,164.46,181.19,492.45,268.49,116.0
2024-05-06,181.71,162.73,188.7,131.03,404.92,756.45,168.1,342.29,148.58,192.0,766.68,449.37,465.68,413.54,92.14,164.44,184.76,494.38,272.67,116.75
2024-05-07,182.4,162.55,188.76,130.31,406.14,771.31,171.25,340.69,148.72,191.75,777.77,453.06,468.24,409.34,90.55,165.76,177.81,500.96,276.46,116.17
2024-05-08,182.74,160.45,188.0,132.54,406.37,763.41,169.38,338.83,148.95,195.65,775.0,454.77,472.6,410.54,90.41,165.07,174.72,503.21,277.19,116.15
2024-05-09,184.57,160.4,189.5,130.57,408.82,779.04,169.96,347.44,149.85,197.5,771.55,455.49,475.42,412.32,88.75,166.04,171.97,507.03,278.54,118.44
2024-05-10,183.05,160.75,187.48,133.28,412.05,787.19,168.65,346.43,149.91,198.77,760.0,456.98,476.2,414.74,89.88,166.85,168.47,512.81,280.74,117.96
2024-05-13,186.28,161.28,186.57,133.75,411.22,775.15,169.14,340.96,151.22,198.73,757.7,457.76,468.01,413.72,90.4,165.87,171.89,511.74,279.39,117.91
2024-05-14,187.43,161.59,187.07,138.0,410.24,777.9,170.34,340.5,151.38,201.51,763.98,454.2,471.85,416.56,91.36,165.76,177.55,513.88,277.74,117.67
2024-05-15,189.72,163.79,185.99,143.62,412.76,787.04,172.51,348.67,152.67,202.11,787.02,458.0,481.54,423.08,94.63,166.51,173.99,517.55,281.5,118.58
2024-05-16,189.84,164.35,183.63,141.21,413.12,793.07,174.18,342.73,154.28,202.47,771.12,458.87,473.23,420.99,94.36,167.86,174.84,521.27,279.84,117.87
2024-05-17,189.87,166.42,184.7,139.53,416.94,795.81,176.06,344.21,154.64,204.79,770.0,460.27,471.91,420.21,92.48,167.64,177.46,524.63,280.1,119.64
2024-05-20,191.04,164.56,183.54,141.4,413.0,793.0,176.92,337.82,151.27,195.58,783.18,459.66,468.84,425.34,94.78,167.31,174.95,517.23,278.54,118.67
2024-05-21,192.35,162.93,183.15,139.92,414.37,800.93,177.85,336.15,151.24,199.52,803.17,459.1,464.63,429.04,95.39,168.35,186.6,523.55,275.95,117.85
2024-05-22,190.9,159.61,183.13,139.22,413.99,801.86,176.38,330.59,153.5,198.31,802.91,456.52,467.78,430.52,94.95,167.81,180.11,521.35,275.58,115.48
2024-05-23,186.88,158.26,181.05,139.33,405.88,796.34,173.55,326.89,149.7,196.92,808.45,451.21,465.78,427.0,103.8,165.49,173.74,516.83,274.23,113.51
2024-05-24,189.98,157.06,180.75,140.78,407.41,809.73,174.99,325.1,146.97,200.71,807.43,451.18,478.22,430.16,106.47,165.33,179.24,508.17,274.49,113.42
2024-05-28,189.99,155.34,182.15,141.25,403.9,813.17,176.4,328.7,144.38,199.5,807.86,445.08,479.92,430.32,113.9,163.11,176.75,503.68,270.98,114.86
2024-05-29,190.29,154.79,182.02,139.07,404.09,806.52,175.9,325.91,144.44,198.11,811.53,442.47,474.36,429.17,114.83,161.65,176.19,484.72,268.86,113.63
2024-05-30,191.29,156.31,179.32,136.41,408.61,815.34,172.11,329.18,145.28,199.33,815.06,442.1,467.05,414.67,110.5,162.58,178.79,481.65,271.3,113.99
2024-05-31,192.25,161.24,176.44,132.85,414.4,809.89,172.5,334.87,146.67,202.63,820.34,447.07,466.83,415.13,109.63,164.54,178.08,495.37,272.46,117.26
2024-06-03,194.03,160.19,178.34,132.19,414.79,815.39,173.17,328.01,147.74,201.82,831.26,443.19,477.49,413.52,115.0,164.65,176.29,497.44,270.38,114.45
2024-06-04,194.35,162.14,179.34,133.08,409.53,827.39,173.79,328.26,147.8,199.16,832.59,444.77,476.99,416.07,116.44,167.01,174.77,505.49,272.42,112.67
2024-06-05,195.87,165.44,181.28,141.31,409.85,834.3,175.41,330.26,145.97,197.26,831.76,446.66,495.06,424.01,122.44,166.05,175.0,503.12,274.5,113.12
2024-06-06,194.48,168.57,185.0,140.13,411.08,842.64,176.73,331.1,146.42,196.91,837.29,448.68,493.76,424.52,121.0,168.47,177.94,501.92,277.04,113.97
2024-06-07,196.89,169.42,184.3,140.66,413.72,845.58,174.46,327.03,147.08,199.95,849.99,449.79,492.96,423.85,120.89,167.06,177.48,490.69,278.67,112.75
2024-06-10,193.12,170.46,187.06,144.05,410.81,848.34,175.01,332.56,147.13,199.61,865.0,449.25,502.6,427.87,121.79,167.35,173.79,495.0,275.04,113.08
2024-06-11,207.15,167.7,187.23,146.1,408.5,849.31,176.62,335.72,146.76,194.36,865.82,449.04,507.47,432.68,120.91,167.48,170.66,496.22,274.67,112.17
2024-06-12,213.07,166.09,186.89,149.55,408.77,847.81,177.79,344.14,145.41,191.53,867.3,443.0,508.84,441.06,125.2,165.18,177.29,493.07,270.32,110.93
2024-06-13,214.24,166.56,183.83,167.9,405.92,845.96,175.16,347.88,145.45,193.66,883.33,445.0,504.1,441.58,129.61,166.41,182.47,497.3,271.19,110.04
2024-06-14,212.49,168.59,183.66,173.5,405.54,855.67,176.79,346.84,145.54,193.78,878.45,444.63,504.16,442.57,131.88,166.79,178.01,497.12,270.66,109.11
2024-06-17,216.67,169.68,184.06,182.89,407.32,867.91,177.24,349.5,145.95,194.98,885.01,448.11,506.63,448.37,130.98,167.5,187.44,489.23,271.17,108.36
2024-06-18,214.29,171.36,182.81,180.25,407.95,870.75,175.09,353.87,145.65,197.0,891.46,450.11,499.49,446.34,135.58,168.56,184.86,481.05,273.62,109.38
2024-06-20,209.68,172.13,186.1,173.46,409.15,862.44,176.3,353.44,147.78,198.67,885.99,452.51,501.7,445.7,130.78,167.67,181.57,484.52,276.82,111.74
2024-06-21,207.49,170.39,189.08,165.86,409.62,848.31,179.63,355.8,148.75,196.3,883.88,454.85,494.78,449.78,126.57,168.26,183.01,482.59,275.22,110.76
2024-06-24,208.14,172.74,185.57,159.22,413.98,848.16,179.22,350.88,149.12,198.88,890.11,456.96,498.91,447.67,118.11,168.45,182.58,489.98,276.3,114.05
2024-06-25,209.07,170.75,186.34,158.08,410.97,855.51,184.03,338.32,147.19,198.07,904.61,455.65,510.6,450.95,126.09,166.85,187.35,484.5,273.53,114.37
2024-06-26,213.25,171.15,193.61,159.2,410.26,856.84,183.88,341.82,146.82,197.43,901.26,452.38,513.12,452.16,126.4,167.45,196.37,484.04,273.6,114.41
2024-06-27,214.1,168.99,197.85,158.67,407.95,850.62,185.41,341.49,145.8,199.17,909.04,442.75,519.56,452.85,123.99,166.62,197.42,486.44,266.59,114.9
2024-06-28,210.62,171.52,193.25,160.55,406.8,849.99,182.15,344.24,146.16,202.26,905.38,441.16,504.22,446.95,123.54,164.92,197.88,509.26,262.47,115.12
2024-07-01,216.75,170.37,197.2,164.08,405.19,845.67,182.99,336.19,146.44,205.45,914.37,437.61,504.68,456.73,124.3,162.72,209.86,494.65,263.24,114.96
2024-07-02,220.27,165.96,200.0,165.75,407.1,859.36,185.24,334.97,146.03,208.83,906.71,444.65,509.5,459.28,122.67,163.9,231.26,498.24,268.23,114.18
2024-07-03,221.55,163.84,197.59,172.92,405.685,862.66,185.82,333.64,145.69,208.69,898.1,448.18,509.96,460.77,128.28,163.83,246.39,489.89,268.99,114.76
2024-07-05,226.34,167.25,200.0,170.33,411.17,885.67,190.6,334.58,146.48,204.79,914.57,449.49,539.91,467.56,125.83,165.21,251.52,488.01,270.36,113.37
2024-07-08,227.82,166.52,199.29,174.59,409.08,880.84,189.03,339.6,145.48,205.17,918.0,446.24,529.32,466.24,128.2,166.52,252.94,489.34,266.4,112.18
2024-07-09,228.68,168.05,199.34,173.33,410.52,886.85,188.98,337.09,147.05,207.63,932.5,444.7,530.0,459.54,131.38,165.66,262.33,492.11,265.44,110.94
2024-07-10,232.98,168.14,199.79,174.47,413.79,884.31,191.18,344.18,149.43,207.8,939.78,433.64,534.69,466.25,134.91,166.8,263.26,500.93,263.0,111.92
2024-07-11,227.57,169.91,195.05,170.6,418.78,846.59,185.57,353.79,149.7,207.45,934.14,436.42,512.7,454.7,127.4,165.54,241.03,504.36,262.55,113.25
2024-07-12,230.54,170.28,194.49,170.07,424.44,842.9,185.07,359.77,149.88,204.94,948.4,440.11,498.87,453.55,129.24,166.61,248.23,511.53,265.74,113.27
2024-07-15,234.4,168.03,192.72,171.42,434.42,848.73,186.53,358.46,149.24,210.05,950.46,444.0,496.16,453.96,128.44,164.58,252.64,515.37,268.45,115.21
2024-07-16,234.82,169.2,193.02,169.38,438.9,850.77,183.92,369.12,151.01,213.62,941.6,443.53,489.79,449.52,126.36,166.95,256.56,548.87,269.25,116.04
2024-07-17,228.88,175.27,187.93,155.98,445.61,846.28,181.02,371.89,156.58,216.87,905.59,451.16,461.99,443.52,117.99,169.44,248.5,573.28,272.7,117.64
2024-07-18,224.18,171.14,183.75,160.52,441.82,839.37,177.69,366.08,155.42,209.98,848.9,448.72,475.85,440.37,121.09,168.44,249.23,564.34,269.15,118.8
2024-07-19,224.31,172.32,183.13,157.35,434.47,838.13,177.66,363.36,154.69,209.78,857.47,443.69,476.79,437.11,117.93,167.96,239.2,565.33,265.46,116.07
2024-07-22,223.96,173.61,182.55,161.06,435.98,847.42,181.67,363.25,154.24,210.28,865.97,447.94,487.4,442.94,123.54,168.25,251.51,558.53,267.71,115.27
2024-07-23,225.01,173.15,186.41,163.77,434.01,852.11,181.79,359.62,152.35,210.33,878.29,441.72,488.69,444.85,122.59,166.62,246.38,554.7,264.79,113.41
2024-07-24,218.54,176.21,180.83,151.34,432.8,830.82,172.63,350.31,156.28,208.59,859.88,432.45,461.27,428.9,114.25,168.0,215.99,559.75,254.17,115.01
2024-07-25,217.49,182.17,179.85,149.26,433.29,815.95,167.28,353.29,159.64,208.67,821.19,429.6,453.41,418.4,112.28,166.9,220.25,559.68,253.74,117.43
2024-07-26,217.96,185.16,182.5,151.63,437.66,817.6,167.0,359.51,160.64,212.24,804.62,438.18,465.7,425.27,113.06,169.11,219.8,569.72,259.46,117.33
2024-07-29,218.24,181.94,183.2,150.22,438.31,815.56,169.53,361.67,158.56,210.85,807.79,441.3,465.71,426.73,111.59,169.93,232.1,566.75,261.6,116.1
2024-07-30,218.8,186.78,181.71,143.52,441.26,810.03,170.29,363.69,161.33,215.19,790.21,447.45,463.19,422.92,103.73,161.7,222.62,576.33,263.1,118.17
2024-07-31,222.08,185.32,186.98,160.68,438.5,822.0,171.54,368.16,157.85,212.8,804.27,463.71,474.83,418.35,117.02,160.76,232.07,576.16,265.67,118.59
2024-08-01,218.36,189.71,184.07,147.02,431.81,816.89,170.76,358.58,160.76,207.96,832.44,462.41,497.74,417.11,109.21,165.69,216.86,572.77,265.93,116.95
2024-08-02,219.86,189.29,167.9,143.82,428.36,822.08,166.66,355.43,164.14,199.14,804.46,462.02,488.14,408.49,107.27,170.08,207.67,589.83,266.58,116.88
2024-08-05,209.27,184.36,161.02,142.08,413.72,801.83,159.25,350.01,161.25,194.9,775.26,442.0,475.73,395.15,100.45,168.06,198.88,569.96,256.44,114.77
2024-08-06,207.23,185.71,161.93,143.92,422.14,816.88,158.29,353.91,158.97,200.34,793.18,448.3,494.09,399.61,104.25,168.09,200.64,568.35,258.26,114.16
2024-08-07,209.82,187.51,162.77,136.27,427.02,810.3,158.94,342.4,158.9,200.4,772.14,449.84,488.92,398.43,98.91,170.02,191.76,566.08,256.52,115.68
2024-08-08,213.31,190.4,165.8,145.74,431.54,839.43,162.03,348.34,160.22,204.06,845.31,455.58,509.63,402.69,104.97,170.87,198.84,566.24,259.83,117.89
2024-08-09,216.24,189.93,166.94,148.26,431.67,854.93,163.67,348.64,160.62,205.8,891.68,456.78,517.77,406.02,104.75,170.54,200.0,558.76,259.76,118.85
2024-08-12,217.53,190.18,166.8,148.62,430.39,863.57,162.29,345.81,159.88,206.19,884.38,455.69,515.95,406.81,109.02,166.81,197.49,565.29,259.89,119.0
2024-08-13,221.27,191.23,170.23,156.16,432.41,864.82,164.16,350.07,158.39,207.94,908.05,459.36,528.54,414.01,116.14,167.29,207.83,574.24,260.13,117.86
2024-08-14,221.72,193.0,170.1,157.69,438.47,862.71,160.37,355.66,158.48,210.24,931.68,460.16,526.76,416.86,118.08,168.8,201.38,579.67,261.14,118.95
2024-08-15,224.72,193.4,177.59,166.13,440.84,877.35,161.3,360.07,159.09,211.55,931.58,468.71,537.33,421.03,122.86,167.92,214.14,579.61,266.8,118.73
2024-08-16,226.05,193.9,177.06,165.72,444.51,870.59,162.96,362.06,159.39,213.97,922.12,468.88,527.42,418.47,124.58,167.89,216.12,577.68,267.38,118.17
2024-08-19,225.89,196.87,178.22,167.71,448.77,872.35,166.67,363.07,159.63,215.45,921.81,466.98,529.28,421.53,130.0,168.42,222.72,578.78,266.47,118.53
2024-08-20,226.51,196.15,178.88,165.95,448.36,876.2,167.18,367.27,160.16,214.52,949.97,469.12,526.73,424.8,127.25,170.41,221.1,580.65,268.04,114.58
2024-08-21,226.4,196.53,180.11,165.78,446.6,881.42,165.85,370.46,161.43,214.6,951.97,468.0,535.16,424.14,128.5,170.16,223.27,578.07,268.2,113.85
2024-08-22,224.53,196.37,176.13,162.34,449.03,877.56,163.8,365.36,162.35,216.63,954.17,468.82,531.93,415.55,123.74,170.15,210.66,578.72,267.94,114.73
2024-08-23,226.84,197.55,177.04,166.36,453.38,879.21,165.62,375.59,164.13,218.31,952.74,466.44,528.0,416.79,129.37,169.17,220.32,584.51,267.44,116.32
2024-08-26,227.18,197.44,175.5,159.62,454.49,892.51,166.16,374.11,164.61,219.17,950.53,468.64,521.12,413.49,126.46,170.35,213.21,587.13,268.21,118.81
2024-08-27,228.03,195.92,173.12,161.39,460.63,908.9,164.68,373.18,162.95,220.18,954.48,474.99,519.1,413.84,128.3,169.25,209.21,587.35,270.72,117.68
2024-08-28,226.49,195.4,170.8,158.18,464.59,888.05,162.85,372.69,163.92,221.29,948.94,471.8,516.78,410.6,125.61,169.06,205.75,588.54,269.19,116.52
2024-08-29,229.79,195.18,172.12,156.93,468.37,886.63,161.78,367.06,164.23,222.21,940.2,480.8,518.22,413.12,117.59,170.03,206.28,591.57,274.32,118.13
2024-08-30,229.0,196.31,178.5,162.82,475.92,892.38,163.38,368.5,165.86,224.8,960.02,483.34,521.31,417.14,119.37,171.54,214.11,590.2,276.37,117.94
2024-09-03,222.77,197.69,176.25,152.79,476.83,878.57,157.36,364.74,167.16,220.3,956.53,482.12,511.76,409.44,108.0,174.52,210.6,598.68,278.54,115.47
2024-09-04,220.85,197.01,173.33,154.12,478.57,890.02,156.45,364.67,167.36,219.33,946.31,483.14,512.74,408.9,106.21,175.9,219.41,604.18,280.49,114.06
2024-09-05,222.38,192.86,177.89,152.82,464.92,885.98,157.24,361.85,164.99,217.63,912.75,477.36,516.86,408.39,107.21,175.47,230.17,595.49,278.62,113.17
2024-09-06,220.82,193.4,171.39,137.0,459.42,876.68,150.92,360.05,164.38,212.46,902.71,476.12,500.27,401.7,102.83,175.59,210.73,596.88,279.37,112.64
2024-09-09,220.91,196.42,175.4,140.82,459.61,896.49,148.71,365.52,166.61,216.81,908.27,487.09,504.79,405.72,106.47,176.06,216.27,594.1,285.61,115.01
2024-09-10,220.11,199.35,179.55,148.21,458.92,894.29,148.66,370.87,167.38,205.56,901.25,488.02,504.79,414.2,108.1,177.79,226.17,599.03,285.34,110.82
2024-09-11,222.66,194.59,184.52,158.27,453.1,900.4,151.16,370.49,164.82,207.23,920.89,488.18,511.83,423.04,116.91,173.92,228.13,589.75,283.96,109.72
2024-09-12,222.77,194.02,187.0,164.56,450.87,915.03,154.69,374.43,164.64,206.6,935.02,492.11,525.6,427.0,119.14,173.47,229.81,588.42,285.37,111.23
2024-09-13,222.5,194.21,186.49,167.69,447.61,916.0,157.46,379.99,165.52,204.32,923.71,493.36,524.62,430.59,119.1,174.08,230.29,594.32,287.35,111.15
2024-09-16,216.32,195.73,184.89,164.02,451.78,907.87,158.06,382.01,166.99,207.86,923.54,497.71,533.28,431.34,116.78,177.24,226.78,589.14,290.48,112.71
2024-09-17,216.79,193.45,186.88,162.47,456.68,897.27,159.32,383.24,167.07,209.25,906.18,500.99,536.32,435.15,115.59,175.88,227.87,577.96,291.56,114.18
2024-09-18,220.69,192.94,186.43,161.67,456.6,892.52,159.81,384.01,166.15,207.53,904.97,494.76,537.95,430.81,113.37,173.92,227.2,580.65,288.48,114.58
2024-09-19,228.87,193.62,189.87,167.42,459.71,900.74,162.14,390.34,164.82,210.48,915.04,493.01,559.1,438.69,117.87,171.54,243.92,577.07,285.24,116.0
2024-09-20,228.2,193.47,191.6,171.1,455.31,906.98,163.59,389.86,164.16,211.09,921.49,492.74,561.35,435.27,116.0,174.22,238.25,575.0,284.77,115.27
2024-09-23,226.47,193.83,193.88,172.94,454.98,917.08,161.85,391.96,163.22,211.44,918.52,497.14,564.41,433.51,116.26,173.77,250.0,573.41,288.63,117.36
2024-09-24,227.37,193.51,193.96,174.84,454.56,901.54,162.29,400.66,162.78,211.59,924.43,487.41,563.33,429.17,120.87,173.24,254.27,575.19,272.78,117.05
2024-09-25,226.37,191.26,192.53,175.52,452.36,908.42,161.49,396.93,160.6,210.19,924.56,489.45,568.31,432.11,123.51,172.26,257.02,576.31,269.63,114.77
2024-09-26,227.52,191.9,191.16,178.09,454.18,901.44,162.73,396.7,161.39,209.78,909.32,491.27,567.84,431.31,124.04,173.21,254.22,574.81,271.69,112.8
2024-09-27,227.79,194.79,187.97,172.69,457.47,885.62,163.95,399.53,161.4,210.5,877.79,493.64,567.36,428.02,121.4,173.55,260.46,581.85,275.17,115.82
2024-09-30,233.0,197.48,186.33,172.5,460.26,886.52,165.85,405.2,162.06,210.86,885.94,493.8,572.44,430.3,121.44,173.2,261.63,584.68,274.95,117.22
2024-10-01,226.21,196.96,185.13,167.47,457.41,877.38,166.99,409.05,161.99,207.04,884.48,496.38,576.47,420.69,117.0,173.04,258.02,583.3,277.6,119.93
2024-10-02,226.78,196.82,184.76,170.66,456.67,878.53,165.86,411.26,161.17,207.29,891.07,495.57,572.81,417.13,118.85,171.92,249.02,592.31,277.0,121.52
2024-10-03,225.67,195.45,181.96,171.89,452.96,875.67,165.86,411.58,160.5,205.23,885.55,494.97,582.77,416.54,122.85,170.12,240.66,592.75,276.86,122.58
2024-10-04,226.8,194.29,186.51,176.64,461.97,883.11,167.06,408.36,160.29,211.22,887.16,497.7,595.94,416.06,124.92,168.88,250.08,591.2,277.93,124.83
2024-10-07,221.69,193.61,180.8,175.08,453.5,873.59,162.98,408.06,159.53,210.93,898.4,491.3,584.78,409.54,127.72,167.12,240.83,583.56,273.79,125.37
2024-10-08,225.77,193.01,182.72,180.73,453.8,890.42,164.38,414.18,159.69,210.75,913.72,497.06,592.89,414.71,132.89,168.16,244.5,581.58,274.96,122.04
2024-10-09,229.54,194.75,185.17,185.95,455.9,909.1,161.86,416.07,160.65,213.42,919.74,499.95,590.51,417.46,132.65,169.27,241.05,591.22,276.93,122.09
2024-10-10,229.04,194.35,186.65,185.69,454.93,893.63,162.08,409.96,160.51,212.84,910.69,498.02,583.83,415.84,134.81,168.95,238.77,597.7,277.47,123.14
2024-10-11,227.55,194.19,188.82,181.48,460.21,889.03,163.24,411.9,161.46,222.29,932.06,502.26,589.95,416.32,134.8,171.09,217.8,598.05,277.84,123.61
2024-10-14,231.3,195.65,187.54,182.31,459.98,889.76,164.96,415.42,161.6,221.48,929.51,506.66,590.42,419.14,138.07,172.51,219.16,605.4,280.68,124.08
2024-10-15,233.85,191.86,187.69,175.98,462.68,894.61,165.46,415.58,164.1,222.39,913.32,507.23,586.27,418.74,131.6,173.57,219.57,556.29,279.29,120.35
2024-10-16,231.78,190.46,186.89,176.82,465.69,887.38,165.16,418.61,164.28,223.64,916.42,514.07,576.79,416.12,135.72,172.38,221.33,571.34,287.52,120.66
2024-10-17,232.15,188.57,187.53,181.53,465.85,885.29,162.93,415.6,164.47,224.42,917.12,513.76,576.93,416.72,136.93,172.28,220.89,566.03,290.39,120.35
2024-10-18,235.0,188.86,188.99,179.89,464.8,889.56,163.42,415.0,165.12,225.37,917.97,516.34,576.47,418.16,138.0,171.28,220.7,569.61,290.62,120.01
2024-10-21,236.48,186.54,189.07,179.99,464.16,886.77,164.07,406.4,162.83,223.0,906.13,515.01,575.16,418.78,143.71,169.54,218.85,571.47,286.85,120.08
2024-10-22,235.86,188.76,189.7,179.38,461.45,893.49,165.14,401.85,163.45,224.12,909.15,513.02,582.01,427.51,143.59,169.7,217.97,569.86,284.79,120.7
2024-10-23,230.76,187.88,184.71,173.51,460.61,899.17,162.78,399.64,165.86,223.41,903.25,513.73,563.69,424.6,139.56,169.58,213.65,564.64,283.76,120.27
2024-10-24,230.57,189.65,186.38,171.35,457.77,893.42,162.72,402.68,163.67,224.98,891.32,510.62,567.78,424.73,140.41,169.62,260.48,560.81,283.22,119.59
2024-10-25,231.41,187.85,187.83,173.0,454.01,891.22,165.27,398.91,160.88,222.31,892.7,507.36,573.25,428.15,141.54,168.22,269.19,564.56,281.73,119.49
2024-10-28,233.4,189.68,188.39,172.02,458.49,890.96,166.72,402.89,161.6,225.5,895.59,508.21,578.16,426.59,140.52,169.3,262.51,565.24,284.19,118.9
2024-10-29,233.67,189.45,190.83,179.24,454.62,886.99,169.68,395.07,160.09,222.9,903.58,506.28,593.28,431.95,141.25,167.17,259.52,562.13,281.88,117.28
2024-10-30,230.1,201.5,192.73,176.64,454.96,879.09,174.46,392.52,160.61,224.41,846.83,513.69,591.8,432.53,139.34,166.16,257.55,562.96,290.16,116.69
2024-10-31,225.91,203.87,186.4,169.77,450.92,874.18,171.11,393.75,159.86,221.92,829.74,499.59,567.58,406.35,132.76,165.18,249.85,564.5,289.85,116.78
2024-11-01,222.91,203.55,197.93,168.92,452.14,877.31,171.29,392.59,160.13,222.94,818.93,508.08,567.16,410.37,135.4,165.1,248.98,567.56,290.74,114.95
2024-11-04,222.01,200.47,195.78,168.55,442.29,886.07,169.24,395.57,158.24,219.78,806.14,505.58,560.68,408.46,136.05,165.08,242.84,557.77,291.85,118.61
2024-11-05,223.45,201.68,199.5,173.9,445.06,890.17,169.74,400.09,158.35,221.49,806.06,505.56,572.43,411.46,139.91,165.76,251.44,567.03,293.29,118.96
2024-11-06,222.72,201.2,207.09,179.55,468.9,899.25,176.51,388.37,157.88,247.06,776.38,521.13,572.05,420.18,145.61,161.05,288.53,596.69,307.4,121.0
2024-11-07,227.48,200.51,210.05,183.81,460.13,913.93,180.75,399.44,156.73,236.38,797.45,517.97,591.7,425.43,148.88,163.41,296.91,605.45,305.8,121.15
2024-11-08,226.96,199.5,208.18,183.64,463.41,943.8,178.35,405.9,155.47,236.98,831.54,524.76,589.34,422.54,147.63,167.71,321.22,615.81,307.87,121.11
2024-11-11,224.23,174.43,206.84,178.91,467.36,932.88,180.35,408.29,155.04,239.29,832.44,530.12,583.17,418.01,145.26,166.03,350.0,625.25,310.92,120.47
2024-11-12,224.23,171.09,208.91,176.22,466.29,932.38,181.62,403.08,152.64,239.56,818.86,529.17,584.82,423.03,148.29,165.84,328.49,614.67,309.8,120.35
2024-11-13,225.12,170.35,214.1,173.58,468.1,933.73,178.88,410.19,153.24,241.16,811.81,521.88,580.0,425.2,146.27,166.58,330.24,605.87,309.48,121.47
2024-11-14,228.22,169.63,211.48,170.38,467.7,923.89,175.58,405.72,151.87,241.87,786.23,520.4,577.16,426.89,146.76,167.08,311.18,593.15,308.25,120.56
2024-11-15,225.0,164.99,202.61,164.84,470.28,907.07,172.49,408.18,154.0,245.31,746.2,521.89,554.08,415.0,141.98,169.54,320.72,592.23,309.64,119.31
2024-11-18,228.02,166.28,201.7,165.67,472.2,919.51,175.3,410.44,154.77,245.03,727.2,521.63,554.4,415.76,140.15,170.75,338.74,589.65,312.16,120.31
2024-11-19,228.28,166.57,204.61,165.35,468.86,930.15,178.12,406.8,153.0,243.09,729.73,519.46,561.09,417.79,147.01,170.76,346.0,577.0,311.85,118.63
2024-11-20,229.0,167.76,202.88,163.25,468.83,928.08,175.98,400.0,153.11,240.78,753.41,512.54,565.52,415.49,145.89,170.89,342.03,600.5,307.39,120.32
2024-11-21,228.52,171.73,198.38,163.94,472.06,955.65,167.63,410.45,155.5,244.76,749.92,515.1,563.09,412.87,146.67,172.75,339.64,597.49,309.9,121.93
2024-11-22,229.87,176.95,197.12,164.23,476.57,964.01,164.76,420.0,155.17,248.55,748.01,520.86,559.14,417.0,141.95,176.28,352.56,590.87,309.92,121.79
2024-11-25,232.87,177.06,201.45,164.82,477.43,960.89,167.65,428.67,155.78,250.29,755.0,526.6,565.11,418.79,136.02,177.39,338.59,605.83,313.19,119.97
2024-11-26,235.06,181.14,207.86,164.74,478.56,971.5,169.12,429.52,154.52,249.97,789.32,528.48,573.54,427.99,136.92,179.31,338.23,606.79,311.82,117.97
2024-11-27,234.93,183.08,205.74,159.67,483.08,961.55,169.23,427.19,155.4,249.79,788.19,532.38,569.2,422.99,135.34,179.36,332.89,608.38,314.7,117.66
2024-11-29,237.33,182.93,207.89,162.08,483.02,971.88,168.95,429.13,155.01,249.72,795.35,532.94,574.32,423.46,138.25,179.26,345.16,610.2,315.08,117.96
2024-12-02,239.59,181.77,210.71,166.51,477.33,975.0,171.49,426.96,154.8,246.25,799.8,531.36,592.83,430.98,138.63,179.7,357.09,608.52,316.65,117.85
2024-12-03,242.65,181.5,213.44,168.15,470.19,982.15,171.34,429.35,152.36,244.82,813.33,526.18,613.65,431.2,140.26,175.42,351.42,605.23,313.01,117.67
2024-12-04,243.01,176.46,218.16,170.56,468.32,990.92,174.37,427.92,150.47,243.4,829.84,521.14,613.78,437.42,145.14,175.11,357.93,610.79,309.9,114.28
2024-12-05,243.04,176.17,220.55,170.47,470.57,982.26,172.64,426.54,149.52,245.48,825.62,524.77,608.93,442.62,145.06,176.03,369.49,578.97,309.08,114.78
2024-12-06,242.84,176.19,227.03,179.53,470.5,992.61,174.71,431.37,149.31,247.36,826.71,528.57,623.77,443.57,142.44,173.82,389.22,549.62,311.01,113.57
2024-12-09,246.75,176.57,226.09,178.94,463.87,987.86,175.37,429.18,149.6,243.81,803.58,522.82,613.57,446.02,138.81,170.79,389.79,560.62,308.3,112.9
2024-12-10,247.77,175.67,225.04,171.81,462.49,993.4,185.17,422.59,149.23,242.86,799.58,529.01,619.32,443.33,135.07,172.28,400.99,565.19,312.38,112.67
2024-12-11,246.49,174.37,230.26,183.2,461.39,994.69,195.4,421.38,146.64,243.53,796.03,534.45,632.68,448.99,139.31,170.63,424.77,533.53,313.79,111.92
2024-12-12,247.96,173.19,228.97,180.66,458.63,988.39,191.96,414.42,146.24,241.53,782.35,532.41,630.79,449.56,137.34,170.85,418.1,515.76,314.23,111.82
2024-12-13,248.13,173.37,227.46,224.8,457.9,989.35,189.82,416.98,146.62,239.94,789.12,529.0,620.35,447.27,134.25,171.06,436.23,520.48,314.74,110.84
2024-12-16,251.04,171.63,232.93,250.0,455.2,992.87,196.66,410.71,143.85,239.58,779.0,530.31,624.24,451.59,132.0,171.14,463.02,498.5,315.89,108.47
2024-12-17,253.48,175.38,231.15,240.23,455.66,982.08,195.42,408.47,146.41,238.36,778.62,531.01,619.44,454.46,130.39,170.33,479.86,485.52,318.3,108.01
2024-12-18,248.05,173.02,220.52,223.62,446.59,964.74,188.4,393.82,144.75,230.37,764.71,519.96,597.19,437.39,128.91,169.08,440.13,499.72,309.78,106.42
2024-12-19,249.79,171.52,223.29,218.32,449.34,954.8,188.51,385.02,143.58,232.96,757.54,523.28,595.57,437.03,130.68,169.19,436.17,489.25,314.88,105.51
2024-12-20,254.49,175.58,224.92,220.79,453.2,954.07,191.41,392.6,144.47,237.6,767.76,528.03,585.25,436.6,134.7,168.06,421.06,500.13,317.71,105.87
2024-12-23,255.27,178.39,225.06,232.35,454.35,949.91,194.63,392.45,145.27,238.39,796.28,528.96,599.85,435.25,139.67,168.11,430.6,506.34,317.22,106.3
2024-12-24,258.2,180.0,229.05,239.68,458.66,958.82,196.11,396.14,145.85,242.31,795.67,535.71,607.75,439.33,140.22,168.94,462.28,506.1,320.65,106.4
2024-12-26,259.02,179.2,227.05,245.36,459.08,956.14,195.6,395.14,145.58,243.14,794.14,536.15,603.35,438.11,139.93,170.16,454.13,511.15,320.91,106.49
2024-12-27,255.59,178.01,223.75,241.75,456.51,939.7,192.76,392.86,145.05,241.17,783.17,532.2,599.81,430.53,137.01,169.53,431.66,509.99,318.66,106.48
2024-12-30,252.2,176.2,221.3,235.58,452.16,922.21,191.24,389.43,143.34,239.32,773.84,525.55,591.24,424.83,137.49,167.09,417.41,507.8,315.31,105.76
2024-12-31,250.42,177.7,219.39,231.84,453.28,916.27,189.3,388.99,144.62,239.71,772.0,526.57,585.51,421.5,134.29,167.65,403.84,505.86,316.04,107.57
2025-01-02,243.85,179.44,220.22,231.98,451.1,909.81,189.43,388.46,144.02,240.0,778.07,522.4,599.24,418.58,138.31,165.98,379.28,504.51,314.4,107.31
2025-01-03,243.36,181.22,224.19,232.55,453.56,916.58,191.79,389.18,144.19,243.28,781.98,521.36,604.63,423.35,144.47,165.13,410.44,513.0,314.91,107.86
2025-01-06,245.0,180.1,227.61,236.41,451.41,922.71,196.87,389.37,143.66,240.85,765.1,511.93,630.2,427.85,149.43,160.6,411.05,513.67,313.04,107.74
2025-01-07,242.21,179.53,222.11,228.64,452.92,921.37,195.49,384.23,146.23,243.17,773.29,511.4,617.89,422.37,140.14,161.3,394.36,514.25,311.67,108.75
2025-01-08,242.7,178.5,222.13,229.31,451.84,927.37,193.95,387.2,142.27,243.13,787.22,516.4,610.72,424.56,140.11,162.1,394.94,524.52,312.6,106.93
2025-01-10,236.85,175.17,218.94,224.31,442.66,936.94,192.04,389.89,142.06,239.87,799.9,504.67,615.86,418.95,135.91,158.56,394.74,520.69,307.71,106.54
2025-01-13,234.4,176.74,218.46,225.29,443.91,924.7,191.01,389.18,144.47,244.21,797.48,504.91,608.33,417.19,133.23,158.84,403.31,541.14,306.92,109.29
2025-01-14,233.28,175.55,217.76,224.7,450.03,917.23,189.66,392.78,144.75,247.47,744.91,509.02,594.25,415.67,131.76,159.74,396.36,543.74,309.09,109.72
2025-01-15,237.87,171.35,223.35,228.0,458.51,923.5,195.55,406.09,144.97,252.35,746.74,522.35,617.12,426.31,136.24,159.65,428.22,543.42,316.28,111.51
2025-01-16,228.26,173.7,220.66,229.41,462.81,919.75,192.91,409.33,147.77,254.27,757.6,523.14,611.3,424.58,133.57,160.5,413.82,510.59,317.25,111.32
2025-01-17,229.98,171.56,225.94,237.44,467.95,943.19,196.0,409.38,147.03,259.16,725.72,524.7,612.77,429.03,137.71,161.13,426.5,509.76,319.62,112.32
2025-01-21,222.64,172.61,230.71,240.31,468.57,947.73,198.05,418.43,148.15,263.03,742.35,528.06,616.46,428.5,140.83,161.72,424.07,524.99,323.63,111.47
2025-01-22,223.83,169.2,235.01,240.91,460.51,944.7,198.37,410.1,145.27,262.84,753.98,527.18,623.5,446.2,147.07,164.74,415.11,519.72,323.56,109.53
2025-01-23,223.66,170.67,235.42,240.28,459.83,942.16,197.98,414.39,146.64,265.95,766.6,534.22,636.45,446.71,147.22,166.15,412.38,529.77,328.21,110.15
2025-01-24,222.78,170.3,234.85,244.7,463.19,939.68,200.21,414.5,146.82,264.84,785.41,533.49,647.49,444.06,142.62,164.12,406.58,532.51,330.2,108.66
2025-01-27,229.86,176.9,235.42,202.13,474.7,965.25,191.81,424.87,152.91,265.9,808.17,547.64,659.88,434.56,118.42,169.66,397.15,543.52,334.54,110.17
2025-01-28,238.26,174.81,238.15,207.36,469.97,958.67,195.3,418.83,150.38,267.14,804.99,547.36,674.33,447.2,128.99,166.19,398.09,542.48,334.48,108.04
2025-01-29,239.36,175.26,237.07,206.35,469.26,964.02,195.41,413.42,151.15,266.58,804.08,548.8,676.49,442.33,123.7,166.23,389.1,538.1,335.88,108.67
2025-01-30,237.59,175.65,234.64,215.66,472.35,979.01,200.87,414.5,152.87,268.23,823.23,566.01,687.0,414.99,124.65,167.41,400.28,545.57,343.05,109.57
2025-01-31,236.0,183.9,237.68,221.27,468.67,979.88,204.02,411.98,152.15,267.3,811.08,555.43,689.18,415.06,120.07,165.99,404.6,542.49,341.8,106.83
2025-02-03,228.01,190.14,237.42,217.73,464.61,1005.83,201.23,408.76,151.87,266.81,810.43,563.95,697.46,410.92,116.66,168.76,383.68,548.18,345.82,107.09
2025-02-04,232.8,189.95,242.06,222.43,467.49,1021.86,206.38,411.49,153.49,267.94,826.07,559.11,704.19,412.37,118.65,168.13,392.21,545.45,345.15,109.96
2025-02-05,232.47,191.75,236.17,232.0,473.73,1042.88,191.33,413.82,154.69,270.43,842.18,566.29,704.87,413.29,124.83,169.01,378.17,539.81,349.44,109.88
2025-02-06,233.22,192.97,238.83,231.36,477.22,1050.99,191.6,414.16,153.51,276.9,870.37,567.16,711.99,415.82,128.68,168.88,374.32,530.04,347.48,108.43
2025-02-07,227.63,190.6,229.15,224.87,472.74,1043.81,185.34,407.37,153.12,275.8,878.31,562.75,714.52,409.75,129.84,167.97,361.62,527.03,348.02,108.89
2025-02-10,227.65,190.34,233.14,235.04,470.17,1061.92,186.47,413.99,154.24,271.04,868.88,565.49,717.4,412.22,133.57,167.53,350.73,533.37,351.23,110.97
2025-02-11,232.62,191.83,232.76,235.04,472.61,1058.34,185.32,416.36,156.13,274.99,865.0,564.7,719.8,411.44,132.8,169.43,328.5,533.92,350.72,111.67
2025-02-12,236.87,193.0,228.93,236.35,471.73,1065.12,183.61,407.14,155.26,275.45,872.97,564.6,725.38,409.04,131.14,169.58,336.51,527.4,351.49,107.35
2025-02-13,241.53,193.45,230.37,235.8,480.49,1076.86,186.14,412.43,157.25,276.32,871.86,566.31,728.56,410.54,135.29,171.02,355.94,531.18,355.63,108.13
2025-02-14,244.6,192.87,228.68,233.04,479.59,1071.85,185.23,409.5,156.15,276.59,844.27,564.76,736.67,408.43,138.85,162.89,355.84,523.51,353.81,108.24
2025-02-18,244.47,196.25,226.65,228.53,482.82,1056.03,183.77,403.31,154.99,279.95,857.2,568.61,716.37,409.64,139.4,165.43,354.11,500.73,356.73,110.14
2025-02-19,244.87,197.35,226.63,228.73,483.77,1062.54,185.27,395.43,157.89,279.25,867.05,568.5,703.77,414.77,139.23,166.49,360.56,511.04,355.23,110.3
2025-02-20,245.83,200.88,222.88,226.74,481.8,1034.83,184.56,394.64,159.68,266.8,873.12,563.28,694.84,416.13,140.11,167.21,354.4,502.42,350.49,112.0
2025-02-21,245.55,202.08,216.58,218.66,478.74,1035.03,179.66,385.3,162.3,264.24,873.68,557.51,683.55,408.21,134.43,170.23,337.8,466.42,348.53,110.69
2025-02-24,247.1,204.08,212.71,207.93,498.42,1035.6,179.25,382.42,163.74,261.34,881.4,559.0,668.13,404.0,130.28,170.54,330.53,461.52,349.86,111.27
2025-02-25,247.04,204.14,212.8,202.54,499.82,1055.66,175.42,393.29,166.09,257.4,901.8,564.03,657.5,397.9,126.63,172.65,302.8,470.38,352.09,109.73
2025-02-26,240.36,203.01,214.35,212.94,494.1,1031.97,172.73,390.48,163.08,258.79,915.01,561.27,673.7,399.73,131.28,171.3,290.8,463.59,350.63,109.46
2025-02-27,237.3,205.02,208.74,197.8,502.41,1021.71,168.5,390.27,163.73,259.05,905.16,564.82,658.24,392.53,120.15,171.97,281.95,468.56,355.74,110.15
2025-02-28,241.84,209.03,212.28,199.43,513.83,1048.61,170.28,396.6,165.02,264.65,920.63,576.31,668.2,396.99,124.92,173.84,292.98,474.96,362.71,111.33
2025-03-03,238.03,211.48,205.02,187.37,510.08,1046.85,167.01,389.69,167.28,260.62,929.72,574.92,655.05,388.49,114.06,175.59,284.65,467.05,361.82,107.76
2025-03-04,235.93,207.76,203.8,187.48,495.86,1036.87,170.92,381.68,165.42,250.25,911.06,555.07,640.0,388.61,115.99,173.18,272.04,474.61,352.23,107.54
2025-03-05,235.74,211.54,208.36,191.58,498.5,1047.75,173.02,386.35,165.12,251.53,929.72,558.3,656.47,401.02,117.3,174.61,279.1,475.98,352.68,105.44
2025-03-06,235.33,210.75,200.7,179.45,497.84,1026.62,172.35,381.73,165.83,246.54,912.76,549.82,627.93,396.89,110.57,174.66,263.45,487.72,344.16,107.62
2025-03-07,239.07,214.29,199.25,194.96,495.62,964.31,173.86,376.8,166.69,242.28,869.58,546.77,625.66,393.31,112.69,175.95,262.67,493.48,345.32,109.02
2025-03-10,227.48,216.66,194.54,184.45,497.1,934.41,165.87,374.65,167.7,232.22,829.76,537.12,597.99,380.16,106.98,176.26,222.15,480.22,341.48,111.8
2025-03-11,220.84,213.59,196.59,190.09,496.25,930.49,164.04,368.16,165.86,229.14,824.06,525.8,605.71,380.45,108.76,173.12,230.58,486.04,332.14,109.16
2025-03-12,216.98,212.06,198.89,194.23,495.94,927.08,167.11,364.73,162.85,227.9,821.86,524.64,619.56,383.27,115.74,168.37,248.09,481.11,332.84,109.13
2025-03-13,209.68,211.55,193.89,191.36,504.25,890.62,162.76,347.25,162.99,225.19,801.65,519.83,590.64,378.77,115.58,168.59,240.68,481.52,328.55,108.67
2025-03-14,213.49,211.77,197.95,195.54,514.6,903.92,165.49,351.31,162.81,232.44,813.48,527.64,607.6,388.56,121.67,167.97,249.98,488.65,331.8,111.9
2025-03-17,214.0,214.47,195.74,194.5,523.01,916.61,164.29,354.13,162.84,233.93,824.76,531.99,604.9,388.7,119.53,169.76,238.01,499.02,334.55,113.76
2025-03-18,212.69,213.85,192.82,188.67,523.14,898.05,160.67,349.57,164.25,234.97,822.51,530.19,582.36,383.52,115.43,167.71,225.31,503.8,334.77,113.64
2025-03-19,215.24,212.25,195.54,195.57,525.27,904.05,163.89,353.42,162.99,239.11,837.01,536.09,584.06,387.82,117.52,168.57,235.86,503.2,339.87,115.41
2025-03-20,214.1,211.96,194.95,190.54,528.73,895.4,162.8,355.52,163.02,239.01,842.57,536.38,586.0,386.84,118.53,167.55,236.26,511.3,339.5,115.9
2025-03-21,218.27,210.01,196.21,191.66,521.91,909.26,163.99,351.15,163.63,241.63,837.57,535.69,596.25,391.26,117.7,166.69,248.71,516.85,335.66,115.5
2025-03-24,220.73,209.17,203.26,191.25,525.85,926.04,167.68,363.77,163.29,248.06,864.9,543.67,618.85,393.08,121.41,165.65,278.39,516.5,343.87,115.8
2025-03-25,223.75,201.34,205.71,188.26,528.87,930.26,170.56,360.99,161.02,251.13,852.35,545.16,626.31,395.16,120.69,162.85,288.14,513.43,344.62,116.59
2025-03-26,221.53,201.3,201.13,179.27,533.21,929.75,165.06,362.13,161.72,251.03,826.76,549.07,610.98,389.97,113.76,166.58,272.06,518.2,344.18,118.27
2025-03-27,223.85,202.72,201.36,171.99,534.52,938.75,162.24,362.73,163.13,248.12,821.67,557.57,602.58,390.58,111.43,168.71,273.13,515.72,349.86,117.89
2025-03-28,217.9,205.29,192.72,169.12,526.31,929.66,154.33,358.15,163.71,242.85,822.51,540.61,576.74,378.8,109.67,168.03,263.55,516.04,342.85,117.73
2025-03-31,222.13,209.52,190.26,167.43,532.58,945.78,154.64,366.49,165.84,245.3,825.91,548.12,576.36,375.39,108.38,170.42,259.16,523.75,350.46,118.93
2025-04-01,223.19,206.27,192.17,168.52,532.99,954.4,157.07,365.52,153.25,243.66,805.23,548.51,586.0,382.19,110.15,170.56,268.46,523.12,346.35,119.04
2025-04-02,223.89,205.19,196.01,172.09,537.72,965.08,157.04,370.89,155.36,245.82,818.22,547.38,583.93,382.14,110.42,169.5,282.76,523.2,346.33,118.67
2025-04-03,203.19,201.64,178.41,154.01,530.16,967.08,150.72,355.91,159.82,228.69,789.09,530.55,531.62,373.11,101.8,172.39,267.28,540.44,339.39,112.43
2025-04-04,188.38,186.96,171.0,146.29,493.54,916.48,145.6,353.9,153.24,210.28,738.21,489.77,504.73,359.84,94.31,163.75,239.43,525.05,313.13,104.34
2025-04-07,181.46,186.55,175.26,154.14,490.38,908.13,146.75,341.51,150.62,214.44,723.73,485.52,516.25,357.86,97.64,160.23,233.29,524.7,312.32,102.94
2025-04-08,172.42,175.67,170.66,156.03,492.64,908.75,144.7,335.24,150.0,216.87,726.24,479.92,510.45,354.56,96.3,158.39,221.86,553.08,308.27,100.77
2025-04-09,198.85,179.84,191.1,185.15,521.41,965.19,158.71,355.39,150.97,234.34,753.71,515.43,585.77,390.49,114.33,162.32,272.2,578.5,332.43,105.8
2025-04-10,190.42,174.2,181.22,172.3,515.81,964.31,152.82,353.62,148.69,227.11,720.91,499.34,546.29,381.35,107.57,163.56,252.4,594.4,324.61,99.93
2025-04-11,198.15,175.05,184.87,181.94,524.11,963.41,157.14,353.86,151.73,236.2,732.41,509.75,543.57,388.45,110.93,166.91,252.31,599.47,333.4,103.14
2025-04-14,202.52,179.1,182.12,178.36,529.52,979.32,159.07,357.2,154.36,234.72,754.35,512.46,531.48,387.81,110.71,169.13,252.35,587.06,335.18,103.39
2025-04-15,202.14,176.8,179.59,178.95,528.17,976.92,156.31,354.11,153.62,233.13,757.18,517.38,521.52,385.73,112.2,168.47,254.11,583.59,335.81,103.1
2025-04-16,194.27,171.68,174.33,174.61,516.45,967.75,153.33,345.99,153.91,229.61,734.9,513.43,502.31,371.61,104.49,166.39,241.55,585.04,331.33,104.19
2025-04-17,196.98,172.99,172.61,170.99,518.21,994.5,151.16,355.06,157.47,231.96,839.96,517.33,501.48,367.78,101.49,170.63,241.37,454.11,329.61,106.92
2025-04-21,193.16,170.16,167.32,166.21,506.92,957.77,147.67,346.9,156.92,228.99,818.02,509.32,484.66,359.12,96.91,165.75,227.5,425.33,320.1,105.35
2025-04-22,199.74,173.78,173.18,169.58,520.79,979.23,151.47,354.43,157.75,235.59,827.54,527.33,500.28,366.82,98.89,167.88,237.97,427.18,331.4,108.3
2025-04-23,204.6,176.95,180.6,176.91,526.81,975.84,155.35,356.42,155.24,240.84,829.24,530.01,520.27,374.39,102.71,165.73,250.74,427.96,334.27,107.37
2025-04-24,208.37,180.37,186.54,188.15,531.64,975.48,159.28,359.64,154.93,244.64,859.73,535.46,533.15,387.3,106.43,159.53,259.51,424.25,335.71,108.63
2025-04-25,209.28,186.06,188.99,192.31,530.96,977.16,161.96,357.58,154.58,243.55,884.54,533.48,547.27,391.85,111.01,161.02,284.95,418.64,335.17,108.57
2025-04-28,210.14,192.34,187.7,192.47,530.94,978.54,160.61,356.92,155.35,243.22,877.29,534.49,549.74,391.16,108.73,161.85,285.88,420.0,337.51,108.63
2025-04-29,211.21,193.51,187.39,191.17,534.57,991.7,160.16,359.0,155.91,244.62,885.2,539.68,554.44,394.04,109.02,162.26,292.03,409.23,341.52,108.36
2025-04-30,212.5,195.1,184.42,192.47,533.25,994.5,158.8,360.49,156.31,244.62,898.95,548.06,549.0,395.26,108.92,162.57,282.16,411.44,345.5,105.63
2025-05-01,213.32,193.34,190.2,197.33,530.23,999.04,161.3,358.3,154.46,246.89,794.1,546.63,572.21,425.4,111.61,159.98,280.52,400.68,342.45,105.78
2025-05-02,205.35,198.47,189.98,203.64,539.8,1008.3,164.03,364.52,156.12,252.51,823.62,559.39,597.02,435.28,114.5,160.52,287.21,399.92,347.6,106.21
2025-05-05,198.89,196.07,186.35,200.72,512.15,1014.89,164.21,361.73,155.0,252.56,821.46,561.12,599.27,436.17,113.82,158.83,280.26,404.81,348.64,103.27
2025-05-06,198.51,187.15,185.01,200.09,512.33,1010.5,163.23,359.38,154.47,249.25,775.12,558.99,587.31,433.31,113.54,159.25,275.35,394.51,347.7,104.71
2025-05-07,196.25,188.09,188.71,204.81,518.22,1007.15,151.38,362.75,157.3,249.39,776.72,566.33,596.81,433.35,117.06,159.29,276.22,391.06,349.85,104.61
2025-05-08,197.49,185.58,192.08,207.77,513.25,1007.71,154.28,364.86,155.66,253.47,751.45,567.12,598.01,438.17,117.37,158.65,284.82,385.55,351.27,106.07
2025-05-09,198.53,184.6,193.06,208.2,513.74,1008.09,152.75,362.71,154.22,253.08,734.57,568.64,592.49,438.73,116.65,157.66,298.26,380.64,352.54,107.31
2025-05-12,210.79,190.07,208.64,221.58,514.3,1016.15,158.46,376.59,154.14,260.05,755.57,578.27,639.43,449.26,123.0,160.9,318.38,378.75,355.85,109.16
2025-05-13,212.93,188.0,211.37,232.42,511.88,999.03,159.53,373.6,148.44,263.01,746.06,576.59,656.03,449.14,129.93,158.73,334.07,311.38,356.14,109.46
2025-05-14,212.33,177.44,210.25,232.12,503.4,991.54,165.37,372.81,146.36,265.64,715.56,573.28,659.36,452.94,135.34,158.02,347.68,308.01,356.46,108.48
2025-05-15,211.45,181.68,205.17,232.64,507.33,1010.47,163.96,378.63,149.61,267.49,733.29,582.2,643.88,453.13,134.83,162.41,342.82,274.35,362.3,108.58
2025-05-16,211.26,184.02,205.59,228.61,514.31,1025.83,166.19,380.78,151.33,267.56,757.39,583.28,640.34,454.27,135.4,163.28,349.98,291.91,365.12,108.19
2025-05-19,208.78,185.71,206.16,230.63,512.39,1034.34,166.54,379.38,152.49,264.88,755.11,586.41,640.43,458.87,135.57,164.77,342.09,315.89,367.9,106.47
2025-05-20,206.86,184.85,204.07,231.68,508.74,1036.82,163.98,377.05,153.66,265.68,747.01,581.11,637.1,458.17,134.38,165.64,343.82,321.58,366.84,104.95
2025-05-21,202.09,181.8,201.12,229.73,507.03,1025.3,168.56,370.84,153.18,261.04,724.95,569.54,635.5,452.57,131.8,165.43,334.62,302.98,358.3,103.66
2025-05-22,201.36,182.54,203.1,230.53,503.57,1018.13,170.87,366.13,152.61,260.67,715.2,570.14,636.57,454.86,132.83,165.03,341.04,296.67,357.97,102.97
2025-05-23,195.27,183.26,200.99,228.72,503.46,1008.5,168.47,362.71,152.94,260.71,713.71,563.58,627.06,450.18,131.29,165.86,339.34,295.57,353.54,103.03
2025-05-27,200.21,185.72,206.02,235.65,509.16,1017.79,172.9,370.4,153.25,265.29,725.22,574.55,642.32,460.69,135.5,167.76,362.89,295.0,359.3,103.52
2025-05-28,200.42,183.09,204.72,239.43,503.11,1013.14,172.36,368.06,152.43,263.49,719.39,575.92,643.58,457.36,134.81,167.36,356.9,298.11,359.73,102.11
2025-05-29,199.95,185.62,205.7,241.97,506.18,1008.74,171.86,368.29,153.58,264.37,722.57,577.78,645.05,458.68,139.19,168.56,358.43,298.17,362.4,102.69
2025-05-30,200.85,186.11,205.01,242.07,503.96,1040.18,171.74,368.29,155.21,264.0,737.67,585.6,647.49,460.36,135.13,169.89,346.46,301.91,365.19,102.3
2025-06-02,201.7,186.99,206.65,248.71,502.81,1056.85,169.03,367.96,155.4,264.66,747.12,581.22,670.9,461.97,137.38,167.78,342.69,304.72,365.32,103.05
2025-06-03,203.27,187.25,205.71,256.85,497.83,1055.59,166.18,373.08,154.42,266.27,750.78,581.97,666.85,462.97,141.22,166.85,344.27,301.22,365.86,103.8
2025-06-04,202.82,187.34,207.23,261.08,491.0,1051.69,168.05,372.4,153.22,264.22,765.84,584.13,687.95,463.87,141.92,165.95,332.05,300.38,368.0,102.3
2025-06-05,200.63,187.47,207.91,259.93,488.74,1010.81,168.21,369.28,153.66,261.95,765.68,585.44,684.62,467.68,139.99,162.8,284.7,295.84,366.77,101.83
2025-06-06,203.92,189.83,213.57,246.93,493.53,1014.94,173.68,367.33,155.03,265.73,769.88,590.12,697.71,470.38,141.72,164.02,295.14,303.22,370.22,104.27
2025-06-09,201.45,189.16,216.98,244.28,493.33,1006.18,176.09,365.2,155.23,266.74,773.71,584.33,694.06,472.75,142.63,162.56,308.58,303.19,366.66,104.97
2025-06-10,202.67,189.5,217.61,244.63,491.13,1007.27,178.6,367.91,156.45,268.6,807.19,589.54,702.4,470.92,143.96,162.84,326.09,303.79,370.7,107.22
2025-06-11,198.78,191.5,213.2,252.91,488.14,996.78,177.35,360.46,155.26,268.15,808.61,590.74,694.14,472.62,142.83,162.11,326.43,310.56,373.31,109.31
2025-06-12,199.2,192.42,213.24,256.07,490.34,1002.71,175.7,363.16,156.66,268.24,812.03,589.28,693.36,478.87,145.0,163.18,319.11,318.5,371.4,109.73
2025-06-13,196.45,191.08,212.1,248.7,487.54,990.21,174.67,354.66,157.1,264.95,819.36,562.03,682.87,474.96,141.97,160.28,325.31,313.53,352.85,112.12
2025-06-16,198.42,190.86,216.1,252.1,490.23,984.36,176.77,353.56,155.22,270.36,807.58,568.67,702.12,479.14,144.69,160.88,329.13,307.66,355.48,112.48
2025-06-17,195.64,185.48,214.82,249.37,483.48,977.72,175.95,348.78,152.38,269.52,791.24,569.45,697.23,478.04,144.12,158.52,316.35,308.87,357.84,114.0
2025-06-18,196.58,185.49,212.52,251.26,485.14,974.9,173.32,347.03,150.73,273.96,785.03,538.73,695.77,480.24,145.48,158.02,322.05,307.2,340.38,113.19
2025-06-20,201.0,185.3,209.69,249.99,484.85,980.29,166.64,349.62,149.79,275.0,762.73,532.97,682.35,477.4,143.85,159.08,322.16,302.01,338.57,114.7
2025-06-23,201.5,183.76,208.47,253.77,487.77,1004.48,165.19,356.96,151.32,278.27,770.64,542.35,698.53,486.0,144.17,161.03,348.68,300.68,343.75,111.74
2025-06-24,200.3,185.55,212.77,263.77,493.48,1001.92,166.77,360.42,152.19,281.26,778.08,557.53,712.2,490.11,147.9,160.36,340.47,305.62,351.63,108.34
2025-06-25,201.56,185.39,211.99,264.65,486.21,986.54,170.68,361.86,152.28,284.06,792.3,549.7,708.68,492.27,154.31,158.97,327.55,302.02,345.26,108.37
2025-06-26,201.0,186.79,217.12,270.17,485.05,982.91,173.54,363.5,152.01,288.75,795.12,545.81,726.09,497.45,155.02,158.63,325.78,302.62,346.03,109.99
2025-06-27,201.08,182.31,223.3,269.35,485.68,985.14,178.53,368.74,152.41,287.11,775.45,550.32,733.63,495.94,157.75,159.86,323.63,309.11,348.61,109.38
2025-06-30,205.17,185.62,219.39,275.65,485.77,989.94,176.23,366.64,152.75,289.91,779.53,561.94,738.09,497.41,157.99,159.32,317.66,311.97,355.05,107.8
2025-07-01,207.82,189.99,220.46,264.74,489.61,985.96,175.84,373.16,155.92,290.41,775.9,564.61,719.22,492.05,153.3,161.22,300.71,326.14,355.47,109.24
2025-07-02,212.44,190.75,219.92,269.9,480.48,982.36,178.64,371.85,155.56,292.0,779.28,561.52,713.57,491.09,157.25,161.2,315.65,307.56,354.22,111.05
2025-07-03,213.55,189.28,223.41,275.18,485.0,987.02,179.53,371.68,156.01,296.0,780.67,569.24,719.01,498.84,159.34,160.83,315.35,308.55,358.86,112.2
2025-07-07,209.95,187.63,223.47,274.18,478.03,992.18,176.79,367.64,155.27,291.97,772.87,565.12,718.35,497.72,158.24,160.5,293.94,303.71,356.64,111.11
2025-07-08,210.01,189.77,219.36,271.8,477.47,985.84,174.36,367.5,155.79,282.78,777.66,562.44,720.67,496.62,160.0,157.89,297.81,307.7,354.55,114.19
2025-07-09,211.14,190.62,222.54,277.9,478.91,982.09,176.62,371.04,156.28,283.16,786.92,565.11,732.78,503.51,162.88,157.52,295.88,302.91,357.76,113.8
2025-07-10,212.41,195.0,222.26,275.4,478.27,970.17,177.62,373.3,157.69,288.19,790.65,563.52,727.24,501.48,164.1,158.49,309.87,299.51,355.88,114.93
2025-07-11,211.16,192.45,225.02,274.38,475.86,970.33,180.19,370.07,156.9,286.86,793.01,550.18,717.51,503.32,164.92,157.05,313.51,304.1,347.93,115.43
2025-07-14,208.62,191.52,225.69,275.6,476.31,980.91,181.56,370.11,156.82,288.7,799.34,553.02,720.92,503.02,164.07,153.76,316.9,300.58,350.5,113.92
2025-07-15,209.11,186.39,226.35,280.94,470.13,967.68,182.0,358.64,155.17,286.55,771.75,550.36,710.39,505.82,170.7,152.68,310.78,291.71,347.02,112.91
2025-07-16,210.16,190.58,223.19,280.81,471.31,951.37,182.97,357.4,164.78,285.82,789.8,555.52,702.91,505.62,171.37,153.73,321.67,292.49,349.9,112.23
2025-07-17,210.02,191.4,223.88,286.45,473.4,953.91,183.58,359.04,162.98,289.9,761.5,555.61,701.41,511.7,173.0,155.62,319.41,288.07,349.81,111.66
2025-07-18,211.18,189.26,226.13,283.34,473.8,950.95,185.06,359.4,163.7,291.27,771.71,552.66,704.28,510.05,172.41,155.1,329.65,282.65,349.05,107.77
2025-07-21,212.48,184.85,229.3,288.21,474.41,947.56,190.1,364.04,164.36,290.97,762.18,554.65,712.97,510.06,171.38,155.03,328.49,282.14,350.94,108.05
2025-07-22,214.4,187.11,227.47,278.59,478.13,941.61,191.34,371.01,167.93,291.43,776.44,558.76,704.81,505.27,167.03,158.32,332.11,285.13,351.86,108.54
2025-07-23,214.15,190.55,228.29,283.69,482.63,941.19,190.23,376.35,169.1,296.76,798.89,562.09,713.58,505.87,170.78,158.28,332.56,292.51,355.29,109.93
2025-07-24,213.76,190.83,232.23,288.71,480.6,933.8,192.17,373.09,169.56,296.55,805.43,563.5,714.8,510.88,173.74,158.81,305.3,278.58,353.97,110.79
2025-07-25,213.88,190.28,231.44,290.18,484.07,935.48,193.18,375.34,168.3,298.62,812.69,568.22,712.68,513.71,173.5,158.3,316.06,281.06,357.04,110.4
2025-07-28,214.05,188.52,232.79,294.3,481.7,933.99,192.58,377.23,166.22,298.28,808.11,568.28,717.63,512.5,176.75,157.11,325.59,282.12,355.47,111.44
2025-07-29,211.27,191.22,231.01,297.42,476.56,934.57,195.75,377.34,168.11,297.04,762.95,563.32,700.0,512.57,175.51,156.61,321.2,261.07,351.29,112.88
2025-07-30,209.05,189.31,230.19,302.62,476.0,927.51,196.53,372.08,167.26,299.63,760.08,559.11,695.21,513.24,179.27,152.88,319.04,266.04,350.91,111.9
2025-07-31,207.57,189.02,234.11,293.7,471.88,939.64,191.9,367.51,164.74,296.24,740.07,566.47,773.44,533.5,177.87,150.47,308.27,249.56,345.47,111.64
2025-08-01,202.38,195.22,214.75,288.64,472.84,952.52,189.13,373.66,167.33,289.37,762.33,559.89,750.01,524.11,173.72,150.65,302.63,237.77,339.35,109.64
2025-08-04,203.35,197.19,211.65,297.72,459.11,955.37,195.04,380.82,171.04,294.26,769.0,569.81,776.37,535.64,180.0,150.76,309.26,240.98,342.15,107.37
2025-08-05,202.92,198.55,213.75,292.93,464.19,943.63,194.67,385.41,170.74,291.37,765.95,566.04,763.46,527.75,178.26,150.51,308.72,251.0,337.43,107.24
2025-08-06,213.25,196.3,222.31,301.67,468.91,968.56,196.09,386.8,170.59,291.35,746.37,569.13,771.99,524.94,179.42,152.86,319.91,245.78,339.74,106.51
2025-08-07,220.03,198.86,223.13,303.76,461.47,977.45,196.52,386.17,171.53,286.94,640.86,561.22,761.83,520.84,180.77,153.49,322.27,244.67,332.09,105.95
2025-08-08,229.35,198.05,222.69,304.97,465.4,980.98,201.42,387.85,173.33,288.76,625.65,574.32,769.3,522.04,182.7,153.51,329.65,250.89,336.78,106.8
2025-08-11,227.18,198.7,221.3,303.9,464.73,988.74,201.0,387.53,173.82,289.56,635.22,573.59,765.87,521.77,182.06,154.98,339.03,252.37,335.9,105.83
2025-08-12,229.65,198.64,221.47,312.83,470.39,991.25,203.34,396.0,172.78,292.85,639.43,574.18,790.0,529.24,183.16,155.09,340.84,261.57,336.74,106.13
2025-08-13,233.33,201.47,224.56,309.09,477.31,978.85,201.96,407.18,174.42,290.53,660.49,577.9,780.08,520.58,181.59,155.41,339.38,271.81,342.55,107.6
2025-08-14,232.78,204.68,230.98,311.23,479.22,975.39,202.94,400.32,174.72,294.16,684.43,583.76,782.13,522.48,182.02,153.74,335.58,271.49,345.49,107.38
2025-08-15,231.59,206.69,231.03,306.34,477.2,972.04,203.9,399.38,176.64,290.49,701.23,581.7,785.23,520.17,180.45,154.36,330.56,304.01,344.47,106.49
2025-08-18,230.89,206.57,231.49,305.76,478.52,979.35,203.5,394.7,176.25,291.53,698.05,584.14,767.37,517.1,182.01,155.72,335.16,308.49,342.74,106.72
2025-08-19,230.56,206.19,228.01,294.91,485.31,980.85,201.57,407.2,177.8,290.66,703.21,585.51,751.48,509.77,175.64,158.4,329.31,304.24,342.45,107.42
2025-08-20,226.01,209.15,223.81,291.17,488.68,994.57,199.32,401.74,178.84,292.24,705.44,592.68,747.72,505.72,175.4,159.51,323.9,299.84,343.93,108.53
2025-08-21,224.9,209.5,221.95,289.6,488.59,969.68,199.75,397.7,178.93,291.47,709.82,591.92,739.1,504.24,174.98,158.73,320.11,303.35,343.69,109.23
2025-08-22,227.76,210.6,228.84,294.0,489.0,958.54,206.09,412.79,179.29,296.24,711.68,598.96,754.79,507.23,177.99,158.67,340.01,307.42,350.04,111.28
2025-08-25,227.16,207.55,227.94,294.23,486.18,941.58,208.49,408.9,178.41,294.9,695.33,593.21,753.3,504.26,179.81,156.15,346.6,304.86,348.82,111.74
2025-08-26,229.31,208.36,228.71,298.01,492.21,941.34,207.14,407.54,176.49,298.57,736.03,591.61,754.1,502.04,181.77,155.97,351.67,300.43,351.18,111.49
2025-08-27,230.49,208.06,229.12,300.25,495.72,949.52,207.48,408.24,176.79,299.28,734.17,590.66,747.38,506.74,181.6,156.96,349.6,303.88,350.35,112.75
2025-08-28,232.56,207.92,231.6,308.65,499.86,944.96,211.64,407.45,175.45,301.07,731.96,590.48,751.11,509.64,180.17,155.65,345.98,302.29,349.86,113.35
2025-08-29,232.14,210.4,229.0,297.39,502.98,943.32,212.91,406.77,177.17,301.42,732.58,595.29,738.7,506.69,174.18,157.04,333.87,309.87,351.78,114.29
2025-09-02,229.72,211.92,225.34,298.24,501.14,938.82,211.35,406.31,178.06,299.7,735.19,591.87,735.11,505.12,170.78,157.99,329.36,308.8,350.07,114.69
2025-09-03,238.47,211.86,225.99,302.39,501.49,949.78,230.66,407.71,178.0,299.51,737.83,593.28,737.05,505.35,170.62,158.17,334.09,307.88,350.87,111.91
2025-09-04,239.78,213.0,235.68,306.1,506.91,955.9,232.3,411.69,178.76,303.82,742.91,595.64,748.65,507.97,171.66,159.19,338.53,310.38,350.99,112.4
2025-09-05,239.69,212.56,232.33,334.89,499.77,963.48,235.0,418.95,178.43,294.38,727.21,584.22,752.45,495.0,167.02,160.02,350.84,315.39,343.22,109.23
2025-09-08,237.88,209.79,235.84,345.65,493.78,971.85,234.04,419.94,178.13,292.91,738.64,586.6,752.3,498.2,168.31,159.01,346.4,320.25,342.3,109.85
2025-09-09,234.35,210.42,238.24,336.67,492.72,979.25,239.63,415.34,176.96,297.85,750.61,584.0,765.7,498.41,170.76,159.46,346.97,347.92,343.99,110.65
2025-09-10,226.79,211.64,230.33,369.57,490.08,956.29,239.17,413.23,175.79,300.54,754.62,579.38,751.98,500.37,177.33,157.35,347.79,346.78,338.12,112.5
2025-09-11,230.03,220.22,229.95,359.63,496.91,964.32,240.37,423.42,178.5,305.56,756.28,588.73,750.9,501.01,177.17,158.63,368.81,353.61,343.49,112.14
2025-09-12,234.07,218.34,228.15,359.87,493.74,967.9,240.8,422.69,178.06,306.91,755.39,580.41,755.59,509.9,177.82,157.9,395.94,352.51,339.43,112.16
2025-09-15,236.7,217.61,231.43,364.09,491.54,960.1,251.61,422.71,177.4,308.9,748.19,582.96,764.7,515.36,177.75,156.83,410.04,347.89,339.05,112.35
2025-09-16,238.15,216.26,234.05,360.0,490.99,952.07,251.16,421.45,176.46,309.19,764.71,586.42,779.0,509.04,174.88,158.05,421.62,339.78,340.03,114.68
2025-09-17,238.99,220.81,231.62,346.17,492.33,963.03,249.53,417.0,177.2,311.75,760.13,598.63,775.72,510.02,170.29,160.33,425.86,341.61,346.2,115.29
2025-09-18,237.88,221.99,231.23,345.35,490.5,952.36,252.03,417.48,174.16,313.23,762.93,586.05,780.25,508.45,176.24,157.32,416.85,334.82,338.18,113.93
2025-09-19,245.5,222.47,231.48,344.94,492.85,951.16,254.72,415.69,176.19,314.78,751.99,584.16,778.38,517.93,176.67,156.04,426.07,336.69,341.61,112.82
2025-09-22,256.08,222.59,227.63,338.79,493.71,943.26,252.53,412.0,174.21,312.44,754.95,584.49,765.16,514.45,183.61,153.07,434.21,341.3,344.36,112.02
2025-09-23,254.43,222.61,220.71,338.94,494.1,943.6,251.66,410.91,176.58,312.74,746.98,569.97,755.4,509.23,178.43,152.5,425.85,347.69,338.7,113.95
2025-09-24,252.31,219.99,220.21,339.31,497.09,945.27,247.14,409.77,176.69,313.42,741.85,568.81,760.66,510.15,176.97,152.42,442.79,351.81,338.68,114.56
2025-09-25,256.87,218.54,218.15,336.1,494.96,943.31,245.79,407.45,177.73,313.45,714.59,567.3,748.91,507.03,177.69,152.15,423.39,345.56,334.93,115.59
2025-09-26,255.46,220.61,219.78,334.53,500.03,915.95,246.54,410.09,179.71,316.06,724.54,565.13,743.75,511.46,178.19,152.5,440.4,344.08,337.37,117.22
2025-09-29,254.43,223.16,222.17,327.9,499.25,916.87,244.05,406.8,181.62,315.69,726.51,568.14,743.4,514.6,181.85,153.53,443.21,345.18,340.16,114.22
2025-09-30,254.63,231.54,219.57,329.91,502.74,925.63,243.1,405.19,185.42,315.43,763.0,568.81,734.38,517.95,186.58,153.65,444.72,345.3,341.38,112.75
2025-10-01,255.45,244.38,220.63,333.39,498.2,917.34,244.9,397.02,186.05,310.71,825.42,573.77,717.34,519.71,187.24,153.18,459.46,348.3,347.83,111.99
2025-10-02,257.13,236.56,222.41,338.18,495.92,916.77,245.69,395.01,185.98,307.55,819.85,577.33,727.05,515.74,188.89,152.05,436.0,353.72,345.95,111.29
2025-10-03,258.02,233.91,219.51,338.37,498.75,915.38,245.35,395.06,188.64,310.03,839.87,580.45,710.56,517.35,187.62,152.27,429.83,360.2,349.84,113.26
2025-10-06,256.69,230.19,220.9,335.49,500.02,910.94,250.43,389.33,188.16,309.18,845.05,578.81,715.66,528.57,185.54,150.41,453.25,358.77,349.28,114.2
2025-10-07,256.48,232.83,221.78,336.41,502.3,914.8,245.76,386.81,188.89,307.69,843.63,579.84,713.08,523.98,185.04,152.54,433.09,363.66,352.42,114.26
2025-10-08,258.06,231.24,225.22,345.5,499.84,914.8,244.62,383.79,189.69,304.03,845.72,576.44,717.84,524.85,189.11,150.69,438.69,369.92,351.36,114.02
2025-10-09,254.04,230.69,227.74,345.02,496.74,942.89,241.53,377.69,191.08,305.53,855.35,564.55,733.51,522.4,192.57,150.58,435.54,367.69,347.04,112.91
2025-10-10,245.27,230.5,216.37,324.63,489.13,930.01,236.57,375.75,190.72,300.89,833.49,557.48,705.3,510.96,183.16,149.69,413.49,354.5,343.65,110.73
2025-10-13,247.66,230.3,220.07,356.7,491.93,935.56,244.15,379.37,190.9,307.97,819.4,559.24,715.7,514.05,188.32,147.49,435.9,358.66,343.3,112.24
2025-10-14,247.77,229.13,216.39,344.13,495.97,946.51,245.45,387.72,190.85,302.08,812.35,567.92,708.65,513.57,180.03,149.16,429.24,359.93,348.38,112.29
2025-10-15,249.34,226.22,215.57,351.33,496.39,954.99,251.03,388.3,191.17,305.69,826.57,562.81,717.55,513.43,179.83,147.42,435.15,361.15,345.69,111.61
2025-10-16,247.45,226.87,214.47,354.15,488.81,925.62,251.46,387.39,192.12,298.54,819.38,549.88,712.07,511.61,181.81,149.6,428.75,356.67,335.4,110.64
2025-10-17,252.29,229.57,213.04,349.33,492.42,936.33,253.3,391.9,193.22,297.56,802.83,560.97,716.92,513.58,183.22,151.4,439.31,356.6,341.89,112.24
2025-10-20,262.24,232.06,216.48,349.24,494.08,936.11,256.55,388.89,193.72,302.36,808.96,566.36,732.17,516.79,182.64,151.96,447.43,364.48,344.41,112.7
2025-10-21,262.77,231.39,222.03,342.66,491.29,937.5,250.46,390.9,191.88,297.09,799.57,572.03,733.27,517.66,181.16,151.62,442.6,365.37,347.21,112.71
2025-10-22,258.45,228.68,217.95,340.3,491.81,944.68,251.69,388.97,192.94,294.11,812.43,571.36,733.41,520.54,180.28,152.2,438.97,361.49,345.36,114.71
2025-10-23,259.58,228.25,221.09,344.29,490.16,942.05,253.08,385.03,192.47,294.54,821.04,573.77,734.0,520.56,182.16,152.21,448.98,360.45,345.96,115.98
2025-10-24,262.82,227.99,224.21,354.13,492.1,932.14,259.92,386.68,190.4,300.44,825.45,573.67,738.36,523.61,186.26,152.49,433.72,362.5,347.38,115.39
2025-10-27,268.81,228.03,226.97,362.05,488.07,929.85,269.27,385.27,190.3,304.15,826.41,572.36,750.82,531.52,191.49,151.74,452.42,365.98,347.82,115.94
2025-10-28,269.0,227.54,229.25,372.97,481.44,924.16,267.47,385.75,186.93,305.36,820.1,565.93,751.44,542.07,201.03,151.37,460.55,367.84,346.9,115.03
2025-10-29,269.7,225.14,230.3,385.98,475.76,912.42,274.57,378.04,186.6,305.51,813.53,554.58,751.67,541.55,207.04,148.77,461.51,355.26,341.28,116.45
2025-10-30,271.4,228.2,222.86,376.47,478.52,920.18,281.48,379.55,189.05,309.44,844.5,553.68,666.47,525.76,202.89,149.58,440.1,344.75,345.03,114.69
2025-10-31,270.37,218.04,244.22,369.63,477.54,911.45,281.19,379.59,188.87,311.12,862.86,551.99,648.35,517.81,202.49,150.37,456.56,341.56,340.74,114.36
2025-11-03,269.05,211.96,254.0,362.55,475.68,928.04,283.72,378.35,186.26,309.35,896.53,544.07,637.71,517.03,206.88,148.02,468.37,333.79,336.9,113.76
2025-11-04,270.04,215.89,249.32,351.94,487.66,940.74,277.54,383.08,186.86,309.25,906.86,552.75,627.32,514.33,198.69,147.17,444.26,330.83,340.3,114.14
2025-11-05,270.14,216.77,250.2,358.98,488.77,935.03,284.31,373.84,186.0,311.68,925.81,553.31,635.95,507.16,195.21,145.79,462.07,327.74,340.04,113.68
2025-11-06,269.77,219.04,243.04,355.59,493.15,923.58,284.75,369.07,186.97,313.42,937.44,553.28,618.94,497.1,188.08,146.13,445.91,321.56,336.96,114.5
2025-11-07,268.47,219.16,244.41,349.43,499.06,922.74,278.83,371.11,186.57,314.21,924.37,551.97,621.71,496.82,188.15,146.98,429.52,324.21,336.02,117.22
2025-11-10,269.43,218.71,248.4,358.39,496.98,915.56,290.1,370.43,188.41,316.89,966.64,552.96,631.76,506.0,199.05,145.5,445.23,321.58,334.85,118.22
2025-11-11,275.25,225.17,249.1,351.96,497.07,913.86,291.31,374.24,193.83,315.62,988.62,558.35,627.08,508.68,193.16,148.54,439.62,327.45,338.92,119.78
2025-11-12,273.47,233.23,244.2,355.22,502.4,914.0,286.71,371.13,194.39,320.41,1017.78,561.23,609.01,511.14,193.8,148.01,430.6,339.06,338.88,118.12
2025-11-13,272.95,232.29,237.58,339.98,513.11,925.08,278.57,368.07,195.25,309.48,1022.87,555.57,609.89,503.29,186.86,147.96,401.99,332.52,336.08,118.79
2025-11-14,272.41,232.36,234.69,342.46,508.94,922.98,276.41,362.36,195.93,303.61,1025.28,545.73,609.46,510.18,190.17,147.67,404.35,321.86,330.02,119.29
2025-11-17,267.46,234.0,232.87,342.65,503.26,912.59,285.02,358.03,199.58,300.37,1021.7,536.85,602.01,507.49,186.6,145.82,408.92,320.52,325.75,117.68
2025-11-18,267.44,233.87,222.55,340.5,504.37,895.08,284.28,336.48,200.0,299.41,1030.05,527.58,597.69,493.79,181.36,146.99,401.25,313.58,321.18,119.03
2025-11-19,268.56,232.91,222.69,354.42,501.26,890.6,292.81,334.5,202.51,303.27,1049.6,530.36,590.32,487.12,186.52,146.99,403.99,309.09,324.12,117.35
2025-11-20,266.25,229.45,217.14,346.82,501.12,893.29,289.45,332.38,203.07,298.38,1043.29,527.88,589.15,478.43,180.64,148.19,395.23,311.54,323.77,117.02
2025-11-21,271.49,236.28,220.69,340.2,504.04,899.01,299.66,343.32,203.9,298.02,1059.7,540.4,594.25,472.12,178.88,150.92,391.09,319.97,327.98,117.08
2025-11-24,275.92,229.51,226.28,377.96,507.81,886.12,318.58,336.58,206.05,298.0,1070.16,537.85,613.05,474.0,182.55,146.98,417.78,319.05,329.3,115.97
2025-11-25,276.97,231.8,229.67,385.03,508.57,894.33,323.44,351.07,206.67,303.0,1109.94,546.47,636.22,476.99,177.82,148.49,419.4,326.28,334.53,114.51
2025-11-26,277.55,227.66,229.16,397.57,511.23,908.26,319.95,355.47,207.56,307.64,1104.34,544.93,633.61,485.5,180.26,148.25,426.58,329.71,333.79,114.77
2025-11-28,278.85,227.7,233.22,402.96,513.81,913.59,320.18,356.92,206.92,313.08,1075.47,550.53,647.95,492.01,177.0,148.16,430.17,329.77,334.44,115.92
2025-12-01,283.1,225.11,233.88,386.08,508.55,911.96,314.89,357.33,205.34,308.92,1057.89,543.97,640.87,486.74,179.92,147.44,430.14,323.21,330.39,116.63
2025-12-02,286.19,224.37,234.42,381.57,506.65,922.03,315.81,354.03,205.42,307.88,1046.12,545.91,647.1,490.0,181.46,145.86,429.24,324.54,329.62,115.38
2025-12-03,284.15,230.24,232.38,380.61,503.6,922.26,319.63,357.91,205.33,312.13,1033.56,553.73,639.6,477.73,179.59,146.71,446.74,339.71,329.61,117.8
2025-12-04,280.7,228.71,229.11,381.03,503.23,895.86,317.62,351.17,202.48,316.1,1014.49,542.31,661.53,480.84,183.38,145.36,454.53,333.49,327.1,117.14
2025-12-05,278.78,226.08,229.53,390.24,504.34,894.68,321.27,354.61,201.93,315.04,1010.31,545.52,673.42,483.16,182.41,143.45,455.0,330.91,331.24,116.54
2025-12-08,277.89,223.12,226.89,401.1,497.23,887.52,313.72,349.91,201.62,315.21,997.59,540.44,666.8,491.02,185.55,138.34,439.58,323.62,326.84,115.98
2025-12-09,277.18,222.99,227.92,406.29,491.43,888.44,317.08,345.27,199.96,300.51,982.22,537.55,656.96,492.02,184.97,139.63,445.17,323.6,326.5,118.25
2025-12-10,278.78,225.18,231.78,412.97,490.43,874.41,320.21,351.13,206.54,310.11,993.64,538.86,650.13,478.56,183.78,139.82,451.45,328.37,325.73,119.54
2025-12-11,278.03,223.98,230.28,406.37,495.85,884.48,312.43,357.46,210.01,317.38,1009.38,563.37,652.71,483.47,180.93,140.76,446.89,336.73,345.63,119.54
2025-12-12,278.28,223.32,226.19,359.93,499.52,884.47,309.29,359.65,211.58,318.52,1027.51,571.93,644.23,478.53,175.02,142.84,458.96,341.84,347.83,118.82
2025-12-15,274.11,227.45,222.54,339.81,506.38,860.56,308.22,356.99,214.17,320.02,1062.19,569.13,647.51,474.82,176.29,145.13,475.31,341.1,346.89,117.76
2025-12-16,274.61,223.67,222.56,341.3,499.84,860.39,306.57,352.68,209.3,315.55,1054.29,566.02,657.15,476.39,177.72,145.21,489.88,334.2,345.11,114.68
2025-12-17,271.84,224.31,221.27,326.02,504.27,862.65,296.72,356.75,210.33,314.98,1041.79,565.47,649.5,476.12,170.94,147.81,467.26,331.63,344.41,117.41
2025-12-18,272.19,222.82,226.76,329.88,503.39,857.59,302.46,354.99,208.31,313.0,1056.88,566.21,664.45,483.98,174.14,145.52,483.37,328.14,346.01,116.54
2025-12-19,273.67,226.82,227.35,340.36,494.53,855.62,307.16,345.0,206.37,317.21,1071.44,572.23,658.77,485.92,180.99,144.46,481.2,327.42,349.25,116.69
2025-12-22,270.97,227.91,228.43,341.45,499.73,850.0,309.78,346.39,207.32,323.09,1076.48,575.7,661.5,484.92,183.69,142.69,488.73,325.16,352.09,118.15
2025-12-23,272.36,228.79,232.14,349.32,500.51,854.79,314.35,344.97,205.78,325.93,1071.64,576.35,664.94,486.85,189.21,143.18,485.56,324.8,353.38,119.42
2025-12-24,273.81,229.89,232.38,350.22,501.34,871.86,314.09,347.34,207.78,329.17,1076.98,579.45,667.55,488.02,188.61,144.49,485.4,327.58,355.14,119.22
2025-12-26,273.4,229.98,232.52,352.13,498.3,873.35,313.51,349.78,207.63,327.91,1077.75,579.6,663.29,487.71,190.53,144.74,475.19,331.83,355.0,119.11
2025-12-29,273.76,230.89,232.07,349.39,501.05,867.84,313.56,347.45,207.56,323.75,1079.45,577.9,658.69,487.1,188.22,144.57,459.64,328.94,354.61,120.53
2025-12-30,273.08,229.74,232.53,349.85,503.71,865.65,313.85,346.35,206.91,323.52,1079.75,577.42,665.95,487.48,187.54,144.05,454.43,332.24,353.62,120.99
2025-12-31,271.86,228.49,230.82,346.1,502.65,862.34,313.0,344.1,206.95,322.22,1074.68,570.88,660.09,483.62,186.5,143.31,449.72,330.11,350.71,120.34
2026-01-02,271.01,229.31,226.5,347.62,496.85,854.5,315.15,345.82,207.35,325.48,1080.36,563.13,650.41,472.94,188.85,141.79,438.07,336.4,346.48,122.65
2026-01-05,267.26,220.18,233.06,343.42,498.52,875.74,316.54,344.09,204.31,334.04,1041.51,568.57,658.79,472.85,188.12,140.37,451.67,342.02,353.8,125.36
2026-01-06,262.36,223.93,240.93,343.77,499.05,889.1,314.34,349.29,204.79,334.67,1064.04,580.34,660.62,478.51,187.24,139.91,432.96,348.97,357.56,121.05
2026-01-07,260.33,233.42,241.56,343.5,496.12,882.58,321.98,349.06,207.49,326.99,1108.09,579.92,648.69,483.47,189.11,138.04,431.41,341.7,355.88,118.49
2026-01-08,259.04,224.13,246.29,332.48,499.77,915.31,325.44,359.56,205.75,329.79,1085.19,580.07,646.06,478.11,185.04,141.53,435.8,346.85,352.23,122.91
2026-01-09,257.68,222.23,246.275,344.3588,497.76,924.7834,330.2298,371.32,205.21,331.18591,1081.97,578.69,652.195,477.845,185.28,141.655,443.5043,344.09,350.43,123.905
